ID,customer_id,country_id,tbl_loan_id,lender_id,loan_type,Total_Amount,Total_Amount_to_Repay,disbursement_date,due_date,duration,New_versus_Repeat,Amount_Funded_By_Lender,Lender_portion_Funded,Lender_portion_to_be_repaid,probability_default,prediction_default
ID_298541365361296540,298541,Ghana,365361,296540,Type_2,59370.02,77181.03,2023-02-20,2023-08-19,180,Repeat Loan,2456.53,0.0413766666666666,3196.09,0.8850739280687036,1
ID_297695364406245684,297695,Ghana,364406,245684,Type_2,72075.3,93697.89,2022-09-12,2023-03-11,180,Repeat Loan,2247.79,0.0311866666666666,2919.05,0.8884812598877335,1
ID_309938368579267278,309938,Kenya,368579,267278,Type_7,4514.0,4936.0,2024-08-06,2024-08-13,7,Repeat Loan,903.0,0.200044306601683,987.0,0.8850012285715144,1
ID_273307306592267278,273307,Kenya,306592,267278,Type_23,2263187.0,2395583.44,2023-02-08,2023-05-09,90,Repeat Loan,400000.0,0.176741913063304,423400.0,0.9151321983713168,1
ID_253200117530245684,253200,Kenya,117530,245684,Type_14,8000.0,8902.0,2022-02-18,2022-03-20,30,New Loan,8000.0,1.0,8902.0,0.9188852456379176,1
ID_296416364982297182,296416,Ghana,364982,297182,Type_2,152189.11,252633.93,2022-11-30,2023-11-25,360,Repeat Loan,24350.26,0.16,40423.12,0.8997288667323957,1
ID_260780299477267278,260780,Kenya,299477,267278,Type_1,1500.0,1959.0,2022-11-15,2022-11-22,7,Repeat Loan,450.0,0.3,588.0,0.9172662225096788,1
ID_296581364468297182,296581,Ghana,364468,297182,Type_2,107711.59,156181.81,2022-09-21,2023-07-18,300,Repeat Loan,6534.5,0.0606666666666666,9478.62,0.8879458309825873,1
ID_247740299189267278,247740,Kenya,299189,267278,Type_1,1500.0,1808.0,2022-11-15,2022-11-22,7,Repeat Loan,450.0,0.3,542.0,0.9169835808045682,1
ID_296416363687296540,296416,Ghana,363687,296540,Type_2,185321.42,256670.16,2022-04-21,2023-04-21,365,Repeat Loan,2933.02,0.0158266666666666,4864.69,0.8712035505516907,1
ID_241961197121251804,241961,Kenya,197121,251804,Type_4,62000.0,65788.0,2022-06-22,2022-08-21,60,Repeat Loan,8266.0,0.133322580645161,9267.0,0.7645804858885665,1
ID_296423363038245684,296423,Ghana,363038,245684,Type_2,91803.13,117049.0,2021-12-06,2022-06-04,180,Repeat Loan,10024.9,0.1092,13329.82,0.8711753929489616,1
ID_253126247615267278,253126,Kenya,247615,267278,Type_1,7794.0,9676.0,2022-08-30,2022-09-06,7,Repeat Loan,1434.8,0.184090325891711,1781.0,0.8975561048438234,1
ID_254462261067267278,254462,Kenya,261067,267278,Type_1,539.0,880.0,2022-09-16,2022-09-23,7,Repeat Loan,161.7,0.3,264.0,0.919753283159291,1
ID_308586368196267278,308586,Kenya,368196,267278,Type_7,5000.0,5719.0,2024-07-27,2024-08-03,7,Repeat Loan,1000.0,0.2,1144.0,0.9175263201203724,1
ID_250187233491267278,250187,Kenya,233491,267278,Type_1,73894.0,80592.0,2022-08-08,2022-08-15,7,Repeat Loan,22168.2,0.3,24178.0,0.231553434398282,0
ID_266990306640267278,266990,Kenya,306640,267278,Type_5,30340.0,53184.0,2023-02-15,2023-03-01,14,Repeat Loan,6068.0,0.2,10637.0,0.9121118155867493,1
ID_296794363618245684,296794,Ghana,363618,245684,Type_2,61457.09,78050.51,2022-04-08,2022-10-05,180,Repeat Loan,3743.81,0.0609175,4747.56,0.8632940605267788,1
ID_297981364735296540,297981,Ghana,364735,296540,Type_2,26188.11,34044.55,2022-10-27,2023-04-25,180,Repeat Loan,2005.57,0.0765833333333333,2610.08,0.8515966311517339,1
ID_295887363955245684,295887,Ghana,363955,245684,Type_2,147775.46,212796.66,2022-06-13,2023-02-08,240,Repeat Loan,8068.54,0.0546,11615.15,0.8802543589342516,1
ID_295271364014245684,295271,Ghana,364014,245684,Type_2,74447.11,104598.19,2022-06-23,2023-06-23,365,Repeat Loan,5780.97,0.077652,8903.87,0.8634435336866214,1
ID_295994365329297182,295994,Ghana,365329,297182,Type_2,103103.74,137437.29,2023-02-10,2023-09-08,210,Repeat Loan,41241.5,0.4,54974.92,0.8707639582277156,1
ID_238249306191251804,238249,Kenya,306191,251804,Type_4,300000.0,396184.0,2022-12-23,2023-06-23,182,Repeat Loan,1971.86,0.0065728666666666,2604.0,0.8627612660842252,1
ID_85876307298267278,85876,Kenya,307298,267278,Type_4,8000.0,9646.0,2023-06-08,2023-07-08,30,Repeat Loan,1600.0,0.2,1929.0,0.919662413880874,1
ID_296378363863245684,296378,Ghana,363863,245684,Type_2,60164.7,67143.8,2022-05-23,2022-11-19,180,Repeat Loan,4901.02,0.0814599999999999,6512.83,0.7583600010115313,1
ID_295476364799296540,295476,Ghana,364799,296540,Type_2,52182.61,70968.35,2022-11-02,2023-06-30,240,Repeat Loan,8349.22,0.16,11358.41,0.8271578985727779,1
ID_247614252864267278,247614,Kenya,252864,267278,Type_1,16432.0,26528.0,2022-09-06,2022-09-13,7,Repeat Loan,4929.6,0.3,7958.0,0.9197545980712656,1
ID_266870261539267278,266870,Kenya,261539,267278,Type_1,9324.0,10006.0,2022-09-17,2022-09-24,7,Repeat Loan,1921.25,0.206054268554268,2062.0,0.4072835289075622,0
ID_296568363287296540,296568,Ghana,363287,296540,Type_2,178217.47,274454.9,2022-02-04,2023-02-04,365,Repeat Loan,47512.78,0.2666,73176.09,0.8845996453713698,1
ID_266370278054267278,266370,Kenya,278054,267278,Type_1,21672.0,24417.0,2022-10-08,2022-10-15,7,Repeat Loan,2769.59,0.127795773348098,3120.0,0.7404964254506439,1
ID_296870364737297182,296870,Ghana,364737,297182,Type_2,61179.88,77698.45,2022-10-28,2023-04-26,180,Repeat Loan,9788.78,0.16,12428.26,0.8278317468461932,1
ID_296416363036245684,296416,Ghana,363036,245684,Type_2,110163.76,129993.24,2021-12-06,2022-12-06,365,Repeat Loan,10024.9,0.091,15441.29,0.4049263858114449,0
ID_295606363302245684,295606,Ghana,363302,245684,Type_2,142396.63,220714.77,2022-02-09,2022-12-06,300,Repeat Loan,9718.57,0.06825,15058.44,0.8984029473112256,1
ID_298504365357297182,298504,Ghana,365357,297182,Type_2,34508.16,44860.61,2023-02-17,2023-08-16,180,Repeat Loan,13803.27,0.4,17944.25,0.8916711071648261,1
ID_309021368747267278,309021,Kenya,368747,267278,Type_7,4865.0,5286.0,2024-08-10,2024-08-17,7,Repeat Loan,973.0,0.2,1057.0,0.8655407833931561,1
ID_296085363254245684,296085,Ghana,363254,245684,Type_2,180488.56,229220.47,2022-01-28,2022-07-27,180,Repeat Loan,9854.68,0.0546,12507.86,0.8454555064180702,1
ID_249340284442251804,249340,Kenya,284442,251804,Type_6,2380.0,3144.0,2022-10-19,2022-10-26,7,Repeat Loan,380.0,0.159663865546218,502.0,0.919750599659611,1
ID_297767364424245684,297767,Ghana,364424,245684,Type_2,71702.99,89628.74,2022-09-15,2023-03-14,180,Repeat Loan,3274.44,0.0456666666666666,4254.38,0.881449287617576,1
ID_249628278044267278,249628,Kenya,278044,267278,Type_1,1500.0,2373.0,2022-10-08,2022-10-15,7,Repeat Loan,450.0,0.3,712.0,0.919754372659082,1
ID_271430280758267278,271430,Kenya,280758,267278,Type_1,3455.0,5272.0,2022-10-13,2022-10-20,7,Repeat Loan,1036.5,0.3,1582.0,0.917289657156002,1
ID_296419363366296540,296419,Ghana,363366,296540,Type_2,86250.86,132826.33,2022-02-22,2023-02-22,365,New Loan,22994.48,0.2666,35414.6,0.3482860796961081,0
ID_295271364014297182,295271,Ghana,364014,297182,Type_2,74447.11,104598.19,2022-06-23,2023-06-23,365,Repeat Loan,8129.62,0.1092,12522.0,0.8110323422503521,1
ID_266605243821267278,266605,Kenya,243821,267278,Type_1,4467.0,5333.0,2022-08-25,2022-09-01,7,Repeat Loan,1340.1,0.3,1600.0,0.91405230337858,1
ID_267887275688267278,267887,Kenya,275688,267278,Type_6,3690.0,6063.0,2022-10-06,2022-10-13,7,Repeat Loan,738.0,0.2,1213.0,0.9197446574752008,1
ID_295996364180296542,295996,Ghana,364180,296542,Type_8,112145.58,144107.06,2022-07-28,2023-01-24,180,Repeat Loan,6691.03,0.05966375,8593.15,0.8748003153011585,1
ID_242121138904251804,242121,Kenya,138904,251804,Type_4,100000.0,106246.0,2022-04-07,2022-06-06,60,Repeat Loan,12088.34,0.1208834,13569.0,0.6264732652913745,1
ID_296668363476296540,296668,Ghana,363476,296540,Type_2,62818.17,83548.16,2022-03-17,2022-09-13,180,Repeat Loan,9648.24,0.15359,12830.61,0.8689418561704794,1
ID_296001364015296540,296001,Ghana,364015,296540,Type_2,118403.11,125211.29,2022-06-24,2023-02-19,240,Repeat Loan,2890.96,0.02441625,4158.91,0.537047382781283,1
ID_295996364180297182,295996,Ghana,364180,297182,Type_8,112145.58,144107.06,2022-07-28,2023-01-24,180,Repeat Loan,22429.12,0.2,28821.41,0.8198271622185889,1
ID_270344271892267278,270344,Kenya,271892,267278,Type_1,9319.0,13223.0,2022-10-01,2022-10-08,7,Repeat Loan,261.73,0.0280856315055263,371.0,0.9147558902204228,1
ID_259543229890267278,259543,Kenya,229890,267278,Type_1,450.0,769.0,2022-08-01,2022-08-08,7,Repeat Loan,135.0,0.3,231.0,0.9197449643198592,1
ID_297991364736297182,297991,Ghana,364736,297182,Type_2,17458.74,19204.62,2022-10-27,2023-04-25,180,Repeat Loan,4652.75,0.2665,6049.45,0.2985343716973214,0
ID_267626266002267278,267626,Kenya,266002,267278,Type_1,10177.0,11938.0,2022-09-23,2022-09-30,7,Repeat Loan,3053.1,0.3,3581.0,0.8742902218719386,1
ID_250501306564267278,250501,Kenya,306564,267278,Type_5,12000.0,13362.0,2023-02-03,2023-02-17,14,Repeat Loan,1600.0,0.133333333333333,1782.0,0.9119884032045716,1
ID_296685364575296542,296685,Ghana,364575,296542,Type_8,51476.17,66146.88,2022-10-11,2023-04-09,180,Repeat Loan,10295.23,0.2,13235.1,0.8460563788116402,1
ID_297498365284297182,297498,Ghana,365284,297182,Type_2,91422.97,116107.17,2023-01-31,2023-07-30,180,Repeat Loan,14627.68,0.16,18579.18,0.8256713589174735,1
ID_295811364078296542,295811,Ghana,364078,296542,Type_8,73402.53,73593.38,2022-07-05,2023-01-01,180,Repeat Loan,11744.4,0.16,15091.56,0.4963403970502683,0
ID_297773365191297182,297773,Ghana,365191,297182,Type_2,68769.75,78741.37,2023-01-12,2023-09-09,240,Repeat Loan,11003.16,0.16,14968.88,0.7758911313209436,1
ID_249141238087267278,249141,Kenya,238087,267278,Type_1,1619.0,2565.0,2022-08-17,2022-08-24,7,Repeat Loan,485.7,0.3,770.0,0.9197526757884472,1
ID_272388306109251804,272388,Kenya,306109,251804,Type_6,5760.0,7051.0,2022-12-13,2022-12-20,7,Repeat Loan,921.0,0.159895833333333,1127.0,0.9193979407300242,1
ID_296685363464296542,296685,Ghana,363464,296542,Type_8,47898.76,62268.39,2022-03-15,2022-09-11,180,Repeat Loan,19159.5,0.4,24907.36,0.7717295103817348,1
ID_296610364341297182,296610,Ghana,364341,297182,Type_2,72601.91,104546.75,2022-09-06,2023-05-04,240,Repeat Loan,14520.38,0.2,20909.35,0.8099156853304026,1
ID_243551275660267278,243551,Kenya,275660,267278,Type_1,2490.0,3816.0,2022-10-06,2022-10-13,7,Repeat Loan,747.0,0.3,1145.0,0.9172884213444918,1
ID_296294363893296540,296294,Ghana,363893,296540,Type_2,149559.99,215366.39,2022-05-30,2023-01-25,240,Repeat Loan,8165.98,0.0546,11755.42,0.889273142456841,1
ID_296254364939297182,296254,Ghana,364939,297182,Type_2,168541.52,221632.1,2022-11-23,2023-06-21,210,Repeat Loan,44941.6,0.26665,59099.08,0.9141269513760112,1
ID_296578363347245684,296578,Ghana,363347,245684,Type_2,43413.97,57740.58,2022-02-18,2022-02-24,6,New Loan,3015.19,0.069452,4011.45,0.7726505991546971,1
ID_258049273173267278,258049,Kenya,273173,267278,Type_1,19714.0,24510.0,2022-10-03,2022-10-10,7,Repeat Loan,5914.2,0.3,7353.0,0.9191881408516348,1
ID_247065307286251804,247065,Kenya,307286,251804,Type_4,100000.0,113539.0,2023-06-07,2023-09-05,90,Repeat Loan,20000.0,0.2,22708.0,0.6432159601811416,1
ID_288739372880251804,288739,Kenya,372880,251804,Type_7,34076.0,36549.0,2024-10-10,2024-10-17,7,Repeat Loan,6815.0,0.199994130766521,7310.0,0.7550322627093579,1
ID_296639363506245684,296639,Ghana,363506,245684,Type_2,78108.4,120286.94,2022-03-21,2022-12-16,270,Repeat Loan,5199.83,0.066572,8013.92,0.8489929784104965,1
ID_297943364713297182,297943,Ghana,364713,297182,Type_2,55431.76,63746.53,2022-10-21,2023-04-19,180,Repeat Loan,14781.8,0.266666666666666,19216.35,0.8730608635435528,1
ID_296500363196245684,296500,Ghana,363196,245684,Type_2,108651.02,133097.5,2022-01-17,2023-01-17,365,Repeat Loan,9887.24,0.091,15229.25,0.3877037099354332,0
ID_248962234255267278,248962,Kenya,234255,267278,Type_1,799.0,1359.0,2022-08-10,2022-08-17,7,Repeat Loan,239.7,0.3,408.0,0.9197525756032808,1
ID_288808368292267278,288808,Kenya,368292,267278,Type_7,28718.0,31533.0,2024-07-30,2024-08-06,7,Repeat Loan,5743.0,0.199979107180165,6306.0,0.8913906515723566,1
ID_297598364361296540,297598,Ghana,364361,296540,Type_2,60226.61,66249.27,2022-09-08,2023-03-07,180,Repeat Loan,6576.75,0.1092,8552.18,0.81158728398795,1
ID_296167364260245684,296167,Ghana,364260,245684,Type_2,73682.09,97997.18,2022-08-19,2023-02-15,180,Repeat Loan,6705.07,0.091,8915.53,0.9037833531675888,1
ID_296167363572245684,296167,Ghana,363572,245684,Type_2,61471.73,74995.51,2022-03-31,2022-09-27,180,Repeat Loan,3666.17,0.05964,4871.63,0.8265035132055173,1
ID_296170364660296540,296170,Ghana,364660,296540,Type_2,66466.04,88399.83,2022-10-14,2023-04-12,180,Repeat Loan,3852.26,0.0579583333333333,5128.96,0.8918012020527409,1
ID_296166364301296540,296166,Ghana,364301,296540,Type_2,48397.93,61707.36,2022-08-24,2023-02-20,180,Repeat Loan,6606.32,0.1365,8784.22,0.8821235884573317,1
ID_296553363265296540,296553,Ghana,363265,296540,Type_2,54622.52,77563.98,2022-01-31,2022-08-29,210,New Loan,14566.01,0.266666666666666,20683.73,0.3814547264986755,0
ID_296014364531296540,296014,Ghana,364531,296540,Type_2,35021.35,46578.39,2022-09-29,2023-03-28,180,Repeat Loan,2369.19,0.06765,3151.92,0.8949107496231268,1
ID_295864364358296540,295864,Ghana,364358,296540,Type_2,72601.91,92567.43,2022-09-06,2023-03-05,180,Repeat Loan,6606.77,0.091,8784.83,0.8732451771898674,1
ID_297760364538297182,297760,Ghana,364538,297182,Type_2,35021.35,45527.75,2022-09-29,2023-03-28,180,Repeat Loan,7004.27,0.2,9105.55,0.8947876102795522,1
ID_249482306108251804,249482,Kenya,306108,251804,Type_5,13500.0,14646.0,2022-12-13,2022-12-27,14,Repeat Loan,1800.0,0.133333333333333,1953.0,0.8823528166040545,1
ID_298114364938296540,298114,Ghana,364938,296540,Type_2,50665.75,65865.48,2022-11-22,2023-05-21,180,Repeat Loan,6562.23,0.12952,8528.73,0.8942892103282648,1
ID_296594363323296540,296594,Ghana,363323,296540,Type_2,87900.12,124818.16,2022-02-16,2022-09-14,210,Repeat Loan,9598.69,0.1092,13624.52,0.8341467373136785,1
ID_295960364362296540,295960,Ghana,364362,296540,Type_2,108407.9,114731.69,2022-09-08,2023-03-07,180,Repeat Loan,21681.58,0.2,27535.61,0.8732848139643158,1
ID_288534357531251804,288534,Kenya,357531,251804,Type_4,7000.0,7544.0,2023-08-04,2023-08-18,14,Repeat Loan,1662.0,0.237428571428571,1791.0,0.8429813666131126,1
ID_296637363404296542,296637,Ghana,363404,296542,Type_8,33210.22,43173.29,2022-03-03,2022-08-30,180,New Loan,8850.52,0.2665,11507.34,0.3204183940600389,0
ID_298589365374296540,298589,Ghana,365374,296540,Type_2,41282.91,51603.64,2023-03-04,2023-08-01,150,New Loan,1479.68,0.0358425,1847.41,0.2980351023183817,0
ID_296519363244245684,296519,Ghana,363244,245684,Type_2,109308.88,114774.32,2022-01-26,2022-07-25,180,Repeat Loan,9947.11,0.091,12625.18,0.8302418745266325,1
ID_296517363343296542,296517,Ghana,363343,296542,Type_8,52726.62,68544.61,2022-02-17,2022-08-16,180,Repeat Loan,21090.65,0.4,27417.84,0.7659711901367511,1
ID_298030364891296540,298030,Ghana,364891,296540,Type_2,50584.93,65760.41,2022-11-14,2023-05-13,180,Repeat Loan,2312.15,0.0457083333333333,3009.8,0.8851095540916941,1
ID_297889364658296540,297889,Ghana,364658,296540,Type_2,22155.35,28801.95,2022-10-14,2023-04-12,180,Repeat Loan,1271.38,0.057385,1650.57,0.7223998378197467,1
ID_296205364641296540,296205,Ghana,364641,296540,Type_2,68076.84,90542.19,2022-10-12,2023-04-10,180,Repeat Loan,1565.31,0.0229933333333333,2076.34,0.8748378482066339,1
ID_296581364468245684,296581,Ghana,364468,245684,Type_2,107711.59,156181.81,2022-09-21,2023-07-18,300,Repeat Loan,6534.5,0.0606666666666666,9478.62,0.8879458309825873,1
ID_298455365312297182,298455,Ghana,365312,297182,Type_2,60933.54,79213.6,2023-02-06,2023-08-05,180,New Loan,24373.41,0.4,31685.44,0.2885534902233584,0
ID_296610364341296540,296610,Ghana,364341,296540,Type_2,72601.91,104546.75,2022-09-06,2023-05-04,240,Repeat Loan,14520.38,0.2,20909.35,0.8099156853304026,1
ID_253285130985251804,253285,Kenya,130985,251804,Type_5,36000.0,40219.0,2022-03-24,2022-04-07,14,Repeat Loan,5760.0,0.16,6435.0,0.9133839103588044,1
ID_296803364479296540,296803,Ghana,364479,296540,Type_2,105002.96,116494.95,2022-09-27,2023-03-26,180,Repeat Loan,4327.17,0.04121,5751.83,0.7739967357779647,1
ID_306553366871267277,306553,Kenya,366871,267277,Type_9,30000.0,34686.0,2024-06-13,2024-06-20,7,Repeat Loan,15000.0,0.5,17343.0,0.5362043047155975,1
ID_295141363833296540,295141,Ghana,363833,296540,Type_2,152674.68,194660.22,2022-05-16,2023-03-12,300,Repeat Loan,8336.04,0.0546,12916.28,0.893642862723187,1
ID_296324364302297182,296324,Ghana,364302,297182,Type_2,108584.16,167219.6,2022-08-25,2023-08-25,365,Repeat Loan,6587.44,0.0606666666666666,10146.59,0.8598189537424247,1
ID_295318364217296540,295318,Ghana,364217,296540,Type_2,66686.54,96028.61,2022-08-11,2023-04-08,240,Repeat Loan,7282.17,0.1092,10483.12,0.873891190763511,1
ID_272221300307267278,272221,Kenya,300307,267278,Type_6,16040.0,20712.0,2022-11-17,2022-11-24,7,Repeat Loan,2566.0,0.159975062344139,3313.0,0.8977987592820986,1
ID_296541363250296540,296541,Ghana,363250,296540,Type_2,54426.33,69121.44,2022-01-27,2022-07-26,180,Repeat Loan,9905.59,0.182,12572.48,0.8366913513443475,1
ID_297786364537296540,297786,Ghana,364537,296540,Type_2,69805.89,75634.69,2022-09-30,2023-03-29,180,Repeat Loan,1850.67,0.0265116666666666,2408.3,0.7519547965942,1
ID_295561363231245684,295561,Ghana,363231,245684,Type_2,272719.82,422715.72,2022-01-25,2022-11-21,300,Repeat Loan,9927.0,0.0364,15381.4,0.8959357101423447,1
ID_296801363595245684,296801,Ghana,363595,245684,Type_2,76970.24,104679.53,2022-04-06,2022-12-02,240,Repeat Loan,6892.84,0.0895519999999999,9374.98,0.874836115208298,1
ID_296422363037245684,296422,Ghana,363037,245684,Type_2,91803.13,104196.56,2021-12-06,2022-06-04,180,Repeat Loan,10024.9,0.1092,12723.91,0.873899929163754,1
ID_266760250524267278,266760,Kenya,250524,267278,Type_1,3359.0,4247.0,2022-09-02,2022-09-09,7,Repeat Loan,1007.7,0.3,1274.0,0.9044989491381812,1
ID_295864364358297182,295864,Ghana,364358,297182,Type_2,72601.91,92567.43,2022-09-06,2023-03-05,180,Repeat Loan,6606.77,0.091,8784.83,0.8732451771898674,1
ID_295914365260297182,295914,Ghana,365260,297182,Type_2,100884.58,128123.42,2023-01-23,2023-08-21,210,Repeat Loan,20176.92,0.2,26532.65,0.6360006052146739,1
ID_296417363937296540,296417,Ghana,363937,296540,Type_2,74420.6,103072.53,2022-06-08,2023-01-04,210,Repeat Loan,8126.73,0.1092,11252.4,0.8601812337277064,1
ID_296854364300245684,296854,Ghana,364300,245684,Type_2,81671.51,108623.11,2022-08-24,2023-02-20,180,Repeat Loan,6606.32,0.0808888888888888,8784.22,0.9066473681452796,1
ID_296508363276296540,296508,Ghana,363276,296540,Type_2,108486.75,167069.59,2022-02-02,2023-02-02,365,Repeat Loan,28929.8,0.266666666666666,44551.89,0.8520446409596967,1
ID_296567363286296540,296567,Ghana,363286,296540,Type_2,178217.47,274454.9,2022-02-04,2023-02-04,365,Repeat Loan,9730.67,0.0546,14988.09,0.8580035649381246,1
ID_296626363373245684,296626,Ghana,363373,245684,Type_2,102084.32,111271.9,2022-02-24,2022-08-23,180,Repeat Loan,4069.93,0.0398683333333333,5172.27,0.8056221720981149,1
ID_262785368886251804,262785,Kenya,368886,251804,Type_7,4657.0,5087.0,2024-08-14,2024-08-21,7,Repeat Loan,931.0,0.199914107794717,1017.0,0.8825822613475164,1
ID_258883132668245684,258883,Kenya,132668,245684,Type_14,10000.0,11111.0,2022-03-28,2022-04-27,30,New Loan,10000.0,1.0,11111.0,0.918819331671072,1
ID_226958118644245684,226958,Kenya,118644,245684,Type_14,5000.0,5571.0,2022-02-23,2022-03-25,30,New Loan,5000.0,1.0,5571.0,0.918956756178904,1
ID_254366131277251804,254366,Kenya,131277,251804,Type_5,13300.0,14932.0,2022-03-22,2022-04-05,14,Repeat Loan,2208.0,0.166015037593984,2479.0,0.9150827913577904,1
ID_251308280473267278,251308,Kenya,280473,267278,Type_1,6180.0,8641.0,2022-10-12,2022-10-19,7,Repeat Loan,326.02,0.0527540453074433,456.0,0.9147559874129106,1
ID_259071243336267278,259071,Kenya,243336,267278,Type_1,4350.0,4906.0,2022-08-24,2022-08-31,7,Repeat Loan,938.92,0.215843678160919,1059.0,0.7874217579812365,1
ID_298541365361297182,298541,Ghana,365361,297182,Type_2,59370.02,77181.03,2023-02-20,2023-08-19,180,Repeat Loan,15832.01,0.266666666666666,20581.61,0.8673983174957598,1
ID_241183114882251804,241183,Kenya,114882,251804,Type_4,200000.0,220317.0,2022-02-04,2022-05-07,92,Repeat Loan,40000.0,0.2,46063.0,0.6901156013919001,1
ID_298083364893297182,298083,Ghana,364893,297182,Type_2,50557.02,58983.18,2022-11-16,2023-05-15,180,Repeat Loan,13481.87,0.266666666666666,17526.43,0.8534405689539394,1
ID_296413363003245684,296413,Ghana,363003,245684,Type_2,110129.69,139864.71,2021-11-30,2022-05-29,180,New Loan,29367.92,0.266666666666666,37297.26,0.2623360507912007,0
ID_296740364261297182,296740,Ghana,364261,297182,Type_2,92102.62,122496.48,2022-08-19,2023-02-15,180,Repeat Loan,6705.07,0.0728,8915.53,0.8776426427848135,1
ID_309021368747251804,309021,Kenya,368747,251804,Type_7,4865.0,5286.0,2024-08-10,2024-08-17,7,Repeat Loan,973.0,0.2,1057.0,0.8655407833931561,1
ID_295606363302296540,295606,Ghana,363302,296540,Type_2,142396.63,220714.77,2022-02-09,2022-12-06,300,Repeat Loan,9718.57,0.06825,15058.44,0.8984029473112256,1
ID_295995365355296540,295995,Ghana,365355,296540,Type_2,50966.01,67937.69,2023-02-14,2023-09-12,210,Repeat Loan,1038.48,0.020376,1386.28,0.863627193290511,1
ID_295711363489296540,295711,Ghana,363489,296540,Type_2,31574.98,37258.47,2022-03-18,2022-09-14,180,Repeat Loan,6284.05,0.19902,7988.47,0.7133876468115912,1
ID_297911364657296540,297911,Ghana,364657,296540,Type_2,33233.02,43202.93,2022-10-14,2023-04-12,180,Repeat Loan,6646.6,0.2,8640.59,0.8943576584431877,1
ID_249075249704267278,249075,Kenya,249704,267278,Type_1,28075.0,31901.0,2022-09-01,2022-09-08,7,Repeat Loan,8422.5,0.3,9570.0,0.5016311858198969,1
ID_259615273787267278,259615,Kenya,273787,267278,Type_1,1571.0,2189.0,2022-10-03,2022-10-10,7,Repeat Loan,471.3,0.3,657.0,0.9172878961814112,1
ID_308507370281267278,308507,Kenya,370281,267278,Type_7,5000.0,5449.0,2024-09-03,2024-09-10,7,Repeat Loan,1000.0,0.2,1090.0,0.8774288209953355,1
ID_270060306075267278,270060,Kenya,306075,267278,Type_6,5707.0,7717.0,2022-12-09,2022-12-16,7,Repeat Loan,913.0,0.159978973190818,1235.0,0.9197544164728096,1
ID_262992306155251804,262992,Kenya,306155,251804,Type_6,3960.0,5359.0,2022-12-17,2022-12-24,7,Repeat Loan,633.0,0.159848484848484,857.0,0.8674979135723594,1
ID_296522363241296540,296522,Ghana,363241,296540,Type_2,72872.59,99106.72,2022-01-26,2022-09-23,240,Repeat Loan,9947.11,0.1365,13536.08,0.8463657465919721,1
ID_295714364905296540,295714,Ghana,364905,296540,Type_2,67485.27,97178.79,2022-11-17,2023-07-15,240,Repeat Loan,1265.1,0.01874625,1822.1,0.866885305179907,1
ID_296255363841296540,296255,Ghana,363841,296540,Type_2,150586.73,198021.55,2022-05-19,2023-03-15,300,Repeat Loan,8222.04,0.0546,11926.47,0.896681007965101,1
ID_263641280935267278,263641,Kenya,280935,267278,Type_1,8166.0,11598.0,2022-10-13,2022-10-20,7,Repeat Loan,2449.8,0.3,3479.0,0.9197547537629766,1
ID_297911364657297182,297911,Ghana,364657,297182,Type_2,33233.02,43202.93,2022-10-14,2023-04-12,180,Repeat Loan,6646.6,0.2,8640.59,0.8943576584431877,1
ID_258800273933267278,258800,Kenya,273933,267278,Type_1,1119.0,1765.0,2022-10-04,2022-10-11,7,Repeat Loan,335.7,0.3,530.0,0.919754579286816,1
ID_296626363373296540,296626,Ghana,363373,296540,Type_2,102084.32,111271.9,2022-02-24,2022-08-23,180,Repeat Loan,9289.67,0.091,11790.74,0.8104967865090342,1
ID_242235305658267278,242235,Kenya,305658,267278,Type_1,7798.0,8998.0,2022-11-28,2022-12-05,7,Repeat Loan,2339.4,0.3,2699.0,0.813791165374422,1
ID_295714364905297182,295714,Ghana,364905,297182,Type_2,67485.27,97178.79,2022-11-17,2023-07-15,240,Repeat Loan,10797.64,0.16,15546.92,0.8232191133245308,1
ID_266792239629267278,266792,Kenya,239629,267278,Type_1,1775.0,2761.0,2022-08-19,2022-08-26,7,Repeat Loan,532.5,0.3,828.0,0.919754742083761,1
ID_270912265085267278,270912,Kenya,265085,267278,Type_1,819.0,1386.0,2022-09-22,2022-09-29,7,Repeat Loan,60.0,0.0732600732600732,102.0,0.917287153333924,1
ID_295730364819297182,295730,Ghana,364819,297182,Type_2,22155.5,29466.82,2022-11-04,2023-05-03,180,Repeat Loan,3544.88,0.16,4714.69,0.7541876645907909,1
ID_306399368214251804,306399,Kenya,368214,251804,Type_7,3728.0,4128.0,2024-07-27,2024-08-03,7,Repeat Loan,745.0,0.199839055793991,825.0,0.9034102045265722,1
ID_296661364452296540,296661,Ghana,364452,296540,Type_2,47778.53,63545.44,2022-09-19,2023-03-18,180,Repeat Loan,6521.77,0.1365,8671.8,0.894624933290165,1
ID_295609363001245684,295609,Ghana,363001,245684,Type_2,184093.76,200662.2,2021-12-03,2022-12-03,365,Repeat Loan,49079.4,0.2666,75588.9,0.7941761556408178,1
ID_295914365260296540,295914,Ghana,365260,296540,Type_2,100884.58,128123.42,2023-01-23,2023-08-21,210,Repeat Loan,17159.86,0.170094,22567.88,0.6147196298267736,1
ID_297708365336297182,297708,Ghana,365336,297182,Type_2,92793.37,106403.06,2023-02-10,2023-08-09,180,Repeat Loan,37117.35,0.4,47139.03,0.819036538344769,1
ID_295811364078297182,295811,Ghana,364078,297182,Type_8,73402.53,73593.38,2022-07-05,2023-01-01,180,Repeat Loan,11744.4,0.16,15091.56,0.4963403970502683,0
ID_271501297700267278,271501,Kenya,297700,267278,Type_1,1500.0,1892.0,2022-11-12,2022-11-19,7,Repeat Loan,450.0,0.3,568.0,0.9196960010501196,1
ID_296417363074245684,296417,Ghana,363074,245684,Type_2,73879.12,94195.88,2021-12-14,2022-06-12,180,Repeat Loan,10084.5,0.1365,13409.06,0.8892379924553181,1
ID_296853364298297182,296853,Ghana,364298,297182,Type_2,90746.12,120764.94,2022-08-24,2023-02-20,180,Repeat Loan,6606.32,0.0728,8796.32,0.877642643021573,1
ID_259555232193267278,259555,Kenya,232193,267278,Type_1,4989.0,5430.0,2022-08-05,2022-08-12,7,Repeat Loan,1496.7,0.3,1629.0,0.6333709542070907,1
ID_298457365337297182,298457,Ghana,365337,297182,Type_2,30931.12,40210.46,2023-02-10,2023-08-09,180,Repeat Loan,12372.45,0.4,16084.18,0.8914491806926355,1
ID_251349237861267278,251349,Kenya,237861,267278,Type_1,9617.0,11805.0,2022-08-16,2022-08-23,7,Repeat Loan,2885.1,0.3,3542.0,0.7805227800099583,1
ID_245312231685267278,245312,Kenya,231685,267278,Type_1,1359.0,2071.0,2022-08-04,2022-08-11,7,Repeat Loan,407.7,0.3,621.0,0.9197519431783034,1
ID_259231287325267278,259231,Kenya,287325,267278,Type_1,2440.0,2880.0,2022-10-24,2022-10-31,7,Repeat Loan,732.0,0.3,864.0,0.7821593461076716,1
ID_298030364891297182,298030,Ghana,364891,297182,Type_2,50584.93,65760.41,2022-11-14,2023-05-13,180,Repeat Loan,10116.99,0.2,13152.08,0.8795362513402161,1
ID_309064370434251804,309064,Kenya,370434,251804,Type_7,5550.0,6055.0,2024-09-05,2024-09-12,7,Repeat Loan,1110.0,0.2,1211.0,0.8800972306662564,1
ID_246919233649267278,246919,Kenya,233649,267278,Type_1,13024.0,14565.0,2022-08-08,2022-08-15,7,Repeat Loan,3907.2,0.3,4370.0,0.8789260157471961,1
ID_298528365365296540,298528,Ghana,365365,296540,Type_2,20096.46,22106.11,2023-02-23,2023-08-22,180,Repeat Loan,3664.79,0.18236,4762.86,0.3005404126530292,0
ID_296579363311296540,296579,Ghana,363311,296540,Type_2,53267.89,67650.23,2022-02-10,2022-08-09,180,Repeat Loan,14204.77,0.266666666666666,18040.06,0.841385075222896,1
ID_25323104601245684,25323,Kenya,104601,245684,Type_11,5000.0,5571.0,2021-11-18,2021-12-18,30,New Loan,5000.0,1.0,5571.0,0.8355423792172506,1
ID_296329364384297182,296329,Ghana,364384,297182,Type_2,72089.14,111017.27,2022-09-09,2023-09-04,360,Repeat Loan,14417.83,0.2,22203.45,0.7563238749891176,1
ID_296410363445296540,296410,Ghana,363445,296540,Type_2,97039.1,121298.87,2022-03-09,2022-09-05,180,Repeat Loan,8830.56,0.091,11482.96,0.8076616649210944,1
ID_308518367566251804,308518,Kenya,367566,251804,Type_7,5000.0,5607.0,2024-07-11,2024-07-18,7,Repeat Loan,1000.0,0.2,1121.0,0.9118888650845542,1
ID_296645363379245684,296645,Ghana,363379,245684,Type_2,101350.94,124154.91,2022-02-25,2022-08-24,180,Repeat Loan,7080.88,0.069865,8986.45,0.6814652847759162,1
ID_311449371880251804,311449,Kenya,371880,251804,Type_7,4995.0,5450.0,2024-09-25,2024-10-02,7,Repeat Loan,999.0,0.2,1090.0,0.8802783284280119,1
ID_298458365339297182,298458,Ghana,365339,297182,Type_2,30931.12,40210.46,2023-02-10,2023-08-09,180,New Loan,12372.45,0.4,16084.18,0.4313224023798282,0
ID_239607368606267278,239607,Kenya,368606,267278,Type_7,47264.0,51568.0,2024-08-07,2024-08-14,7,Repeat Loan,9453.0,0.20000423155044,10314.0,0.8688758302494956,1
ID_270884291519267278,270884,Kenya,291519,267278,Type_1,265.0,471.0,2022-10-31,2022-11-07,7,Repeat Loan,79.5,0.3,141.0,0.4591763837898305,0
ID_262761307396267278,262761,Kenya,307396,267278,Type_4,200000.0,227020.0,2023-06-30,2023-09-28,90,Repeat Loan,190000.0,0.95,216259.0,0.7446148948288485,1
ID_250796266189267278,250796,Kenya,266189,267278,Type_1,1719.0,2693.0,2022-09-23,2022-09-30,7,Repeat Loan,515.7,0.3,808.0,0.9197547483454176,1
ID_295864363264296540,295864,Ghana,363264,296540,Type_2,145660.06,177705.28,2022-01-31,2022-07-30,180,Repeat Loan,38836.61,0.266625,51654.7,0.6256564079879822,1
ID_295050364172296540,295050,Ghana,364172,296540,Type_2,169729.76,197735.17,2022-07-27,2023-05-23,300,Repeat Loan,7722.7,0.0455,11965.95,0.7939421980002983,1
ID_296668364556296540,296668,Ghana,364556,296540,Type_2,86404.43,117510.02,2022-10-04,2023-06-01,240,Repeat Loan,13824.71,0.16,18801.6,0.7943031670859976,1
ID_296417363937245684,296417,Ghana,363937,245684,Type_2,74420.6,103072.53,2022-06-08,2023-01-04,210,Repeat Loan,8126.73,0.1092,11252.4,0.8601812337277064,1
ID_295887363562296540,295887,Ghana,363562,296540,Type_2,122048.76,135474.12,2022-03-30,2022-11-25,240,Repeat Loan,4412.52,0.03615375,6346.54,0.6826203628068933,1
ID_296853364298245684,296853,Ghana,364298,245684,Type_2,90746.12,120764.94,2022-08-24,2023-02-20,180,Repeat Loan,6606.32,0.0728,8796.32,0.877642643021573,1
ID_270359284667267278,270359,Kenya,284667,267278,Type_1,2037.0,3123.0,2022-10-19,2022-10-26,7,Repeat Loan,611.1,0.3,937.0,0.9197546418996396,1
ID_296209363811245684,296209,Ghana,363811,245684,Type_2,92915.95,154240.48,2022-05-12,2023-05-12,365,Repeat Loan,8455.35,0.091,14030.31,0.8248486640472903,1
ID_267692368821267278,267692,Kenya,368821,267278,Type_7,10310.0,11213.0,2024-08-12,2024-08-19,7,Repeat Loan,2062.0,0.2,2243.0,0.8719358029797314,1
ID_296349364328297182,296349,Ghana,364328,297182,Type_2,36001.98,39962.2,2022-08-31,2023-02-27,180,Repeat Loan,4800.26,0.133333333333333,6384.35,0.7010383144898796,1
ID_295601363468245684,295601,Ghana,363468,245684,Type_2,63163.01,84006.8,2022-03-16,2022-09-12,180,Repeat Loan,2463.2,0.0389975,3268.69,0.8816968406745556,1
ID_309026370029267278,309026,Kenya,370029,267278,Type_7,7000.0,7645.0,2024-08-30,2024-09-06,7,Repeat Loan,1400.0,0.2,1529.0,0.8820248402470102,1
ID_268863219325251804,268863,Kenya,219325,251804,Type_4,72000.0,87954.0,2022-07-19,2022-10-17,90,Repeat Loan,1624.89,0.0225679166666666,1985.0,0.8213720629563928,1
ID_295862363251296540,295862,Ghana,363251,296540,Type_2,90710.55,140601.36,2022-01-27,2022-11-23,300,Repeat Loan,9905.59,0.1092,15348.23,0.8608924499542938,1
ID_264329282104267278,264329,Kenya,282104,267278,Type_1,16258.0,19747.0,2022-10-15,2022-10-22,7,Repeat Loan,4877.4,0.3,5924.0,0.9144530864209964,1
ID_251171280469267278,251171,Kenya,280469,267278,Type_1,28343.0,39969.0,2022-10-12,2022-10-19,7,Repeat Loan,8502.9,0.3,11991.0,0.9197413119501,1
ID_296518363232245684,296518,Ghana,363232,245684,Type_2,109087.93,138541.67,2022-01-25,2022-07-24,180,Repeat Loan,9927.0,0.091,12599.66,0.8235404947804421,1
ID_296500364056296540,296500,Ghana,364056,296540,Type_2,147329.82,226887.93,2022-07-07,2023-07-07,365,Repeat Loan,8044.21,0.0546,12390.44,0.7535081508088464,1
ID_298647365386296540,298647,Ghana,365386,296540,Type_2,63696.16,82805.0,2023-03-21,2023-09-17,180,Repeat Loan,3199.99,0.0502383333333333,4161.48,0.8885081892567892,1
ID_295711364122297182,295711,Ghana,364122,297182,Type_2,58374.91,77638.63,2022-07-22,2023-01-18,180,Repeat Loan,7778.46,0.13325,10346.95,0.8851007368226435,1
ID_247357231704267278,247357,Kenya,231704,267278,Type_1,2772.0,4218.0,2022-08-04,2022-08-11,7,Repeat Loan,831.6,0.3,1265.0,0.9197545604994344,1
ID_254785231957267278,254785,Kenya,231957,267278,Type_1,4490.0,6643.0,2022-08-04,2022-08-11,7,Repeat Loan,1347.0,0.3,1993.0,0.9197547357902962,1
ID_269567265074267278,269567,Kenya,265074,267278,Type_4,90000.0,110886.0,2022-09-22,2022-12-22,91,Repeat Loan,18000.0,0.2,22177.0,0.8941006555491511,1
ID_296617363350296540,296617,Ghana,363350,296540,Type_2,86827.93,93774.17,2022-02-18,2022-08-17,180,Repeat Loan,23148.33,0.2666,29399.94,0.857848712546737,1
ID_296554365356297182,296554,Ghana,365356,297182,Type_2,59156.85,76903.91,2023-02-17,2023-08-16,180,Repeat Loan,11831.37,0.2,15380.78,0.8745213916127409,1
ID_256500233882267278,256500,Kenya,233882,267278,Type_1,9800.0,13893.0,2022-08-08,2022-08-15,7,Repeat Loan,2940.0,0.3,4168.0,0.9197547285859164,1
ID_296686364574296542,296686,Ghana,364574,296542,Type_8,24961.51,26402.47,2022-10-12,2023-04-10,180,Repeat Loan,4992.3,0.2,6410.57,0.422392127029058,0
ID_261535292903267278,261535,Kenya,292903,267278,Type_1,37290.0,49668.0,2022-11-02,2022-11-09,7,Repeat Loan,11187.0,0.3,14900.0,0.9197527296785072,1
ID_259028240384267278,259028,Kenya,240384,267278,Type_1,6349.0,9043.0,2022-08-20,2022-08-27,7,Repeat Loan,1904.7,0.3,2713.0,0.9197546224411766,1
ID_295914363197245684,295914,Ghana,363197,245684,Type_2,91867.27,117130.77,2022-01-18,2022-07-17,180,Repeat Loan,10031.91,0.1092,13339.13,0.8674331421409571,1
ID_295050364172297182,295050,Ghana,364172,297182,Type_2,169729.76,197735.17,2022-07-27,2023-05-23,300,Repeat Loan,7722.7,0.0455,11965.95,0.7939421980002983,1
ID_297708364408297182,297708,Ghana,364408,297182,Type_2,71916.91,89896.14,2022-09-13,2023-03-12,180,Repeat Loan,19177.84,0.266666666666666,24931.2,0.700104923204187,1
ID_296854364300296540,296854,Ghana,364300,296540,Type_2,81671.51,108623.11,2022-08-24,2023-02-20,180,Repeat Loan,6606.32,0.0808888888888888,8784.22,0.9066473681452796,1
ID_295711363489245684,295711,Ghana,363489,245684,Type_2,31574.98,37258.47,2022-03-18,2022-09-14,180,Repeat Loan,2817.28,0.089225,3583.76,0.7404314312554146,1
ID_270900247207251804,270900,Kenya,247207,251804,Type_5,30000.0,48845.0,2022-08-29,2022-09-12,14,Repeat Loan,477.6,0.01592,778.0,0.9197546481627776,1
ID_298534365367297182,298534,Ghana,365367,297182,Type_2,30144.69,37680.86,2023-02-23,2023-07-23,150,New Loan,12057.88,0.4,15072.35,0.4965161394706316,0
ID_270877251568267278,270877,Kenya,251568,267278,Type_1,4352.0,6591.0,2022-09-04,2022-09-11,7,Repeat Loan,1305.6,0.3,1977.0,0.9121520204541144,1
ID_259315237068267278,259315,Kenya,237068,267278,Type_1,25990.0,36431.0,2022-08-17,2022-08-24,7,Repeat Loan,10165.79,0.391142362447095,14250.0,0.885311149936178,1
ID_238304357431267278,238304,Kenya,357431,267278,Type_4,15000.0,16925.0,2023-07-26,2023-08-25,30,Repeat Loan,4750.0,0.316666666666666,5360.0,0.9036452684674784,1
ID_310302373362267278,310302,Kenya,373362,267278,Type_7,3759.0,3966.0,2024-10-16,2024-10-23,7,Repeat Loan,752.0,0.200053205639797,793.0,0.7018894104708596,1
ID_297952364800296540,297952,Ghana,364800,296540,Type_2,52182.61,67837.39,2022-11-02,2023-05-01,180,Repeat Loan,6635.19,0.127153333333333,8627.52,0.891425686987708,1
ID_270225286814267278,270225,Kenya,286814,267278,Type_1,20770.0,27746.0,2022-10-22,2022-10-29,7,Repeat Loan,2496.18,0.120181993259508,3335.0,0.9197546105479396,1
ID_296519363244296540,296519,Ghana,363244,296540,Type_2,109308.88,114774.32,2022-01-26,2022-07-25,180,Repeat Loan,9947.11,0.091,12625.18,0.8302418745266325,1
ID_297752364483297182,297752,Ghana,364483,297182,Type_2,59253.14,74066.43,2022-09-23,2023-03-22,180,New Loan,6470.44,0.1092,8413.95,0.2326911468309692,0
ID_298532365371297182,298532,Ghana,365371,297182,Type_2,49819.05,62273.81,2023-02-28,2023-07-28,150,Repeat Loan,9963.81,0.2,12454.76,0.8256112241574127,1
ID_248758293524267278,248758,Kenya,293524,267278,Type_1,10216.0,11464.0,2022-11-04,2022-11-11,7,Repeat Loan,3064.8,0.3,3439.0,0.9055512433423468,1
ID_296554365356296540,296554,Ghana,365356,296540,Type_2,59156.85,76903.91,2023-02-17,2023-08-16,180,Repeat Loan,1843.23,0.0311583333333333,2395.85,0.8783010041329695,1
ID_296500364056245684,296500,Ghana,364056,245684,Type_2,147329.82,226887.93,2022-07-07,2023-07-07,365,Repeat Loan,8044.21,0.0546,12390.44,0.7535081508088464,1
ID_295352363188245684,295352,Ghana,363188,245684,Type_2,271627.56,361264.65,2022-01-17,2022-07-16,180,Repeat Loan,9887.24,0.0364,13146.77,0.8939148181474467,1
ID_296255365246297182,296255,Ghana,365246,297182,Type_2,142381.34,220691.07,2023-01-20,2023-11-16,300,Repeat Loan,22781.01,0.16,35310.57,0.9139311554598644,1
ID_253311246615267278,253311,Kenya,246615,267278,Type_1,1616.0,2533.0,2022-08-29,2022-09-05,7,Repeat Loan,484.8,0.3,760.0,0.9197483113616778,1
ID_249753260254267278,249753,Kenya,260254,267278,Type_1,10509.0,14622.0,2022-09-16,2022-09-23,7,Repeat Loan,3152.7,0.3,4387.0,0.9197547629956336,1
ID_251514180406251804,251514,Kenya,180406,251804,Type_4,86000.0,97610.0,2022-06-02,2022-08-31,90,Repeat Loan,13760.0,0.16,15618.0,0.6287883035243654,1
ID_295383363217245684,295383,Ghana,363217,245684,Type_2,275426.65,457208.24,2022-01-21,2023-01-21,365,Repeat Loan,10025.53,0.0364,16635.77,0.8350695763266223,1
ID_297659365391297182,297659,Ghana,365391,297182,Type_2,209374.43,265905.53,2023-03-16,2023-09-12,180,Repeat Loan,41874.89,0.2,53181.11,0.8512663233176486,1
ID_310144370020251804,310144,Kenya,370020,251804,Type_7,5000.0,5463.0,2024-08-30,2024-09-06,7,Repeat Loan,1000.0,0.2,1093.0,0.8833757190132394,1
ID_248013245288267278,248013,Kenya,245288,267278,Type_1,2250.0,3483.0,2022-08-26,2022-09-02,7,Repeat Loan,18.3,0.0081333333333333,28.0,0.9197541096769456,1
ID_261883266053267278,261883,Kenya,266053,267278,Type_1,758.0,1245.0,2022-09-23,2022-09-30,7,Repeat Loan,1.85,0.0024406332453825,3.0,0.7601197175010247,1
ID_296081363049245684,296081,Ghana,363049,245684,Type_2,92703.47,123295.61,2021-12-10,2022-06-11,183,Repeat Loan,10123.22,0.1092,13460.54,0.7959365596315411,1
ID_296688363463296542,296688,Ghana,363463,296542,Type_8,32223.62,41890.71,2022-03-14,2022-09-10,180,New Loan,10051.19,0.31192,13066.68,0.3793151446634321,0
ID_248753117401251804,248753,Kenya,117401,251804,Type_5,32000.0,35337.0,2022-02-17,2022-03-03,14,Repeat Loan,5120.0,0.16,5654.0,0.9068235865637012,1
ID_308586368196251804,308586,Kenya,368196,251804,Type_7,5000.0,5719.0,2024-07-27,2024-08-03,7,New Loan,1000.0,0.2,1144.0,0.9189434408687502,1
ID_295711364122245684,295711,Ghana,364122,245684,Type_2,58374.91,77638.63,2022-07-22,2023-01-18,180,Repeat Loan,7778.46,0.13325,10346.95,0.8851007368226435,1
ID_298045364857297182,298045,Ghana,364857,297182,Type_2,50301.48,65391.92,2022-11-10,2023-05-09,180,Repeat Loan,13413.73,0.266666666666666,17437.84,0.8850360786985433,1
ID_296393363406296542,296393,Ghana,363406,296542,Type_8,24907.66,32379.96,2022-03-03,2022-08-30,180,Repeat Loan,6642.04,0.266666666666666,8634.66,0.7019309073280467,1
ID_296778364359296540,296778,Ghana,364359,296540,Type_2,36300.95,46102.21,2022-09-06,2023-03-05,180,Repeat Loan,7260.19,0.2,9220.44,0.8648406666513767,1
ID_269117243297267278,269117,Kenya,243297,267278,Type_1,4392.0,6659.0,2022-08-24,2022-08-31,7,Repeat Loan,1317.6,0.3,1998.0,0.9197547420799213,1
ID_295995364178296542,295995,Ghana,364178,296542,Type_8,56072.79,72053.53,2022-07-28,2023-01-24,180,Repeat Loan,8971.65,0.16,11522.96,0.8286435404985542,1
ID_267236357592267278,267236,Kenya,357592,267278,Type_4,800000.0,855316.0,2023-08-11,2023-12-09,120,Repeat Loan,140000.0,0.175,152900.0,0.5509107223691306,1
ID_295914364044245684,295914,Ghana,364044,245684,Type_2,103765.98,131782.79,2022-06-29,2022-12-26,180,Repeat Loan,4662.5,0.0449328571428571,5914.66,0.8458694472839952,1
ID_270921299499251804,270921,Kenya,299499,251804,Type_6,2320.0,3174.0,2022-11-15,2022-11-22,7,Repeat Loan,371.0,0.159913793103448,508.0,0.9197535184800052,1
ID_262433197512251804,262433,Kenya,197512,251804,Type_4,50000.0,57248.0,2022-06-22,2022-08-21,60,Repeat Loan,348.63,0.0069726,399.0,0.3829756089664253,0
ID_296870364737296540,296870,Ghana,364737,296540,Type_2,61179.88,77698.45,2022-10-28,2023-04-26,180,Repeat Loan,1924.46,0.0314557142857142,2447.2,0.8456611983591229,1
ID_297659365391296540,297659,Ghana,365391,296540,Type_2,209374.43,265905.53,2023-03-16,2023-09-12,180,Repeat Loan,13881.42,0.0662995,17629.33,0.8670413173965138,1
ID_266467229210267278,266467,Kenya,229210,267278,Type_1,1140.0,1794.0,2022-08-01,2022-08-08,7,Repeat Loan,342.0,0.3,538.0,0.9197546231168532,1
ID_198483294840267278,198483,Kenya,294840,267278,Type_1,1500.0,1740.0,2022-11-07,2022-11-14,7,Repeat Loan,450.0,0.3,522.0,0.5987161766638514,1
ID_296500364056297182,296500,Ghana,364056,297182,Type_2,147329.82,226887.93,2022-07-07,2023-07-07,365,Repeat Loan,8044.21,0.0546,12390.44,0.7535081508088464,1
ID_296610363365296540,296610,Ghana,363365,296540,Type_2,69000.69,91770.92,2022-02-22,2022-08-21,180,Repeat Loan,9418.59,0.1365,12523.63,0.8572720200225791,1
ID_269018257332267278,269018,Kenya,257332,267278,Type_1,4703.0,8121.0,2022-09-12,2022-09-19,7,Repeat Loan,1410.9,0.3,2436.0,0.9197546732085192,1
ID_295864365354297182,295864,Ghana,365354,297182,Type_2,102136.41,129713.23,2023-02-13,2023-08-12,180,Repeat Loan,20427.28,0.2,25942.65,0.7009592820084841,1
ID_288545357440267278,288545,Kenya,357440,267278,Type_4,40000.0,44071.0,2023-07-27,2023-08-26,30,Repeat Loan,5000.0,0.125,5509.0,0.9061864137874344,1
ID_295601363468296540,295601,Ghana,363468,296540,Type_2,63163.01,84006.8,2022-03-16,2022-09-12,180,Repeat Loan,8621.75,0.1365,11464.09,0.8471147007669759,1
ID_296170364660297182,296170,Ghana,364660,297182,Type_2,66466.04,88399.83,2022-10-14,2023-04-12,180,Repeat Loan,13293.21,0.2,17679.97,0.8596430030553981,1
ID_262457230731267278,262457,Kenya,230731,267278,Type_1,2239.0,2605.0,2022-08-02,2022-08-09,7,Repeat Loan,671.7,0.3,782.0,0.788857575669083,1
ID_271730270411267278,271730,Kenya,270411,267278,Type_1,329.0,658.0,2022-09-29,2022-10-06,7,New Loan,98.7,0.3,197.0,0.4756068919247572,0
ID_296740364261245684,296740,Ghana,364261,245684,Type_2,92102.62,122496.48,2022-08-19,2023-02-15,180,Repeat Loan,6705.07,0.0728,8915.53,0.8776426427848135,1
ID_297860364561297182,297860,Ghana,364561,297182,Type_2,68545.44,89109.08,2022-10-07,2023-04-05,180,Repeat Loan,10967.27,0.16,14257.45,0.859194247598239,1
ID_296661364452297182,296661,Ghana,364452,297182,Type_2,47778.53,63545.44,2022-09-19,2023-03-18,180,Repeat Loan,6521.77,0.1365,8671.8,0.894624933290165,1
ID_297585364340297182,297585,Ghana,364340,297182,Type_2,72060.76,98002.63,2022-09-02,2023-03-01,180,Repeat Loan,6557.53,0.091,8923.52,0.9038188282337506,1
ID_268349247115267278,268349,Kenya,247115,267278,Type_1,2250.0,3483.0,2022-08-29,2022-09-05,7,Repeat Loan,675.0,0.3,1045.0,0.9197546544234628,1
ID_296753363877245684,296753,Ghana,363877,245684,Type_2,150473.38,233233.73,2022-05-27,2023-03-23,300,Repeat Loan,8215.85,0.0546,12730.05,0.8810830281164327,1
ID_268498248050267278,268498,Kenya,248050,267278,Type_1,22954.0,31743.0,2022-08-30,2022-09-06,7,Repeat Loan,620.58,0.0270358107519386,858.0,0.9197547291939636,1
ID_266309267406267278,266309,Kenya,267406,267278,Type_1,198093.0,234718.0,2022-09-26,2022-10-03,7,Repeat Loan,59427.9,0.3,70415.0,0.4283556452277211,0
ID_239559265790267278,239559,Kenya,265790,267278,Type_1,1500.0,2373.0,2022-09-23,2022-09-30,7,Repeat Loan,8.64,0.00576,14.0,0.9197537277268636,1
ID_296571363290296540,296571,Ghana,363290,296540,Type_2,181789.45,279955.76,2022-02-06,2023-02-06,365,Repeat Loan,48465.07,0.2666,74642.75,0.8791323307178209,1
ID_296407363012245684,296407,Ghana,363012,245684,Type_2,110129.69,169599.72,2021-11-30,2022-11-30,365,Repeat Loan,29367.92,0.266666666666666,45226.59,0.8478437195153342,1
ID_269296225258267278,269296,Kenya,225258,267278,Type_1,1571.0,2218.0,2022-07-26,2022-08-02,7,Repeat Loan,471.3,0.3,665.0,0.9197513407219574,1
ID_266264292540267278,266264,Kenya,292540,267278,Type_1,1500.0,2178.0,2022-11-02,2022-11-09,7,Repeat Loan,450.0,0.3,653.0,0.9197520870509664,1
ID_296209363811296540,296209,Ghana,363811,296540,Type_2,92915.95,154240.48,2022-05-12,2023-05-12,365,Repeat Loan,8455.35,0.091,14030.31,0.8248486640472903,1
ID_296320363946296540,296320,Ghana,363946,296540,Type_2,177347.63,233212.13,2022-06-14,2023-06-14,365,Repeat Loan,11301.33,0.0637241666666666,17409.63,0.8548419888601938,1
ID_296513363345296542,296513,Ghana,363345,296542,Type_8,35151.08,45696.41,2022-02-17,2022-08-16,180,Repeat Loan,9367.76,0.2665,12179.85,0.8502948729010357,1
ID_262657247514267278,262657,Kenya,247514,267278,Type_1,4966.0,7514.0,2022-08-30,2022-09-06,7,Repeat Loan,1489.8,0.3,2254.0,0.9197542912551082,1
ID_296383363349296540,296383,Ghana,363349,296540,Type_2,138924.7,150906.95,2022-02-18,2022-11-15,270,Repeat Loan,37040.8,0.266625,52044.66,0.8405161405509453,1
ID_267200306545251804,267200,Kenya,306545,251804,Type_6,10500.0,15539.0,2023-02-02,2023-02-09,7,Repeat Loan,2100.0,0.2,3108.0,0.9145069149534558,1
ID_250150286155267278,250150,Kenya,286155,267278,Type_1,6964.0,8048.0,2022-10-22,2022-10-29,7,Repeat Loan,2089.2,0.3,2414.0,0.8812528323873031,1
ID_296516363344296542,296516,Ghana,363344,296542,Type_8,52726.62,68544.61,2022-02-17,2022-08-16,180,Repeat Loan,14060.43,0.266666666666666,18278.56,0.8430154741807111,1
ID_262848373426251804,262848,Kenya,373426,251804,Type_7,8400.0,8756.0,2024-10-17,2024-10-24,7,Repeat Loan,1680.0,0.2,1751.0,0.5962089110528471,1
ID_296548364431297182,296548,Ghana,364431,297182,Type_2,71667.79,95318.16,2022-09-19,2023-03-18,180,Repeat Loan,19111.41,0.266666666666666,25418.18,0.7934606386737073,1
ID_298646365389297182,298646,Ghana,365389,297182,Type_2,47109.25,58886.56,2023-03-16,2023-08-13,150,New Loan,9421.85,0.2,11777.31,0.3317646065340868,0
ID_297773365191296540,297773,Ghana,365191,296540,Type_2,68769.75,78741.37,2023-01-12,2023-09-09,240,Repeat Loan,11003.16,0.16,14968.88,0.7758911313209436,1
ID_296686363465296542,296686,Ghana,363465,296542,Type_8,24167.72,31418.03,2022-03-14,2022-09-10,180,Repeat Loan,6444.72,0.266666666666666,8378.14,0.6590062275369786,1
ID_311979374355267278,311979,Kenya,374355,267278,Type_7,5975.0,6226.0,2024-10-31,2024-11-07,7,Repeat Loan,1195.0,0.2,1245.0,0.2276683224268612,0
ID_253804263067267278,253804,Kenya,263067,267278,Type_1,2800.0,4262.0,2022-09-19,2022-09-26,7,Repeat Loan,769.63,0.274867857142857,1171.0,0.9197544102247964,1
ID_295594364196297182,295594,Ghana,364196,297182,Type_2,204109.06,280717.99,2022-08-09,2023-05-01,265,Repeat Loan,7429.57,0.0364,10776.96,0.9093317502638348,1
ID_297896364625297182,297896,Ghana,364625,297182,Type_2,45756.6,59483.57,2022-10-11,2023-04-09,180,New Loan,9151.32,0.2,11896.71,0.3249757029470537,0
ID_296585363340296540,296585,Ghana,363340,296540,Type_2,175755.41,270663.33,2022-02-17,2023-02-17,365,Repeat Loan,46856.39,0.2666,72165.17,0.8845996453713698,1
ID_296172364683296540,296172,Ghana,364683,296540,Type_2,66351.83,88247.94,2022-10-18,2023-04-16,180,Repeat Loan,10483.37,0.157996666666666,13944.94,0.8633730769086215,1
ID_311679372444267278,311679,Kenya,372444,267278,Type_7,2870.0,3127.0,2024-10-03,2024-10-10,7,Repeat Loan,574.0,0.2,625.0,0.8567535090278464,1
ID_253866236639267278,253866,Kenya,236639,267278,Type_1,2930.0,4008.0,2022-08-13,2022-08-20,7,Repeat Loan,370.5,0.126450511945392,507.0,0.9197547396115768,1
ID_298047364820297182,298047,Ghana,364820,297182,Type_2,33603.71,39484.36,2022-11-09,2023-05-08,180,Repeat Loan,8955.39,0.2665,11643.69,0.6789962574532956,1
ID_257384138020251804,257384,Kenya,138020,251804,Type_5,16000.0,17515.0,2022-04-06,2022-04-20,14,Repeat Loan,2560.0,0.16,2802.0,0.8978969454100102,1
ID_239870361008267278,239870,Kenya,361008,267278,Type_4,20000.0,22646.0,2024-01-08,2024-02-07,30,Repeat Loan,5000.0,0.25,5662.0,0.8952445799328692,1
ID_295960364362297182,295960,Ghana,364362,297182,Type_2,108407.9,114731.69,2022-09-08,2023-03-07,180,Repeat Loan,21681.58,0.2,27535.61,0.8732848139643158,1
ID_297767365362297182,297767,Ghana,365362,297182,Type_2,89009.2,113041.68,2023-02-21,2023-08-20,180,Repeat Loan,23735.79,0.266666666666666,30144.45,0.7311670928240405,1
ID_258613279071267278,258613,Kenya,279071,267278,Type_1,1927.0,2954.0,2022-10-10,2022-10-17,7,Repeat Loan,578.1,0.3,886.0,0.9197547295596784,1
ID_296754363568296542,296754,Ghana,363568,296542,Type_8,30735.87,39956.62,2022-03-31,2022-09-27,180,Repeat Loan,6147.17,0.2,7991.32,0.84699076610056,1
ID_247837238094251804,247837,Kenya,238094,251804,Type_5,21000.0,34249.0,2022-08-17,2022-08-31,14,Repeat Loan,3360.0,0.16,5480.0,0.9197547796528204,1
ID_296890363710296540,296890,Ghana,363710,296540,Type_2,61837.59,69258.1,2022-04-22,2022-10-19,180,Repeat Loan,8440.83,0.1365,11486.33,0.3296291188750587,0
ID_273307306592251804,273307,Kenya,306592,251804,Type_23,2263187.0,2395583.44,2023-02-08,2023-05-09,90,Repeat Loan,50000.0,0.022092739132913,52925.0,0.8303863066203301,1
ID_308346369320251804,308346,Kenya,369320,251804,Type_7,6000.0,6564.0,2024-08-21,2024-08-28,7,Repeat Loan,1200.0,0.2,1313.0,0.8860068353147237,1
ID_296129364558296540,296129,Ghana,364558,296540,Type_2,159939.37,265499.35,2022-10-07,2023-10-07,365,Repeat Loan,1198.86,0.0074957142857142,1987.82,0.8846638074499648,1
ID_296581364468296540,296581,Ghana,364468,296540,Type_2,107711.59,156181.81,2022-09-21,2023-07-18,300,Repeat Loan,6534.5,0.0606666666666666,9478.62,0.8879458309825873,1
ID_310964374400251804,310964,Kenya,374400,251804,Type_7,8400.0,8760.0,2024-11-01,2024-11-08,7,Repeat Loan,1680.0,0.2,1752.0,0.6072303355711702,1
ID_296522363241245684,296522,Ghana,363241,245684,Type_2,72872.59,99106.72,2022-01-26,2022-09-23,240,New Loan,9947.11,0.1365,13536.08,0.4185071957753438,0
ID_296257363584245684,296257,Ghana,363584,245684,Type_2,229282.81,353095.53,2022-04-01,2023-04-01,365,Repeat Loan,6937.03,0.0302553333333333,10684.58,0.8127453318438179,1
ID_225702299607267278,225702,Kenya,299607,267278,Type_1,12500.0,15466.0,2022-11-16,2022-11-23,7,Repeat Loan,3750.0,0.3,4640.0,0.9193133663323276,1
ID_293242360182267277,293242,Kenya,360182,267277,Type_9,20000.0,31693.0,2023-10-11,2023-10-25,14,Repeat Loan,5260.23,0.263011499999999,8336.0,0.9038313545394228,1
ID_296746363517296540,296746,Ghana,363517,296540,Type_2,61367.95,81619.37,2022-03-24,2022-09-20,180,Repeat Loan,4658.75,0.075915,6198.16,0.8852750121459575,1
ID_245765114544251804,245765,Kenya,114544,251804,Type_5,28200.0,31348.0,2022-02-02,2022-02-16,14,Repeat Loan,5640.0,0.2,6270.0,0.9084143681822688,1
ID_296620363351296540,296620,Ghana,363351,296540,Type_2,104193.52,132325.77,2022-02-18,2022-08-17,180,Repeat Loan,27784.94,0.266666666666666,35286.87,0.7938486099683238,1
ID_259300287175267278,259300,Kenya,287175,267278,Type_1,22582.0,26990.0,2022-10-24,2022-10-31,7,Repeat Loan,6774.6,0.3,8097.0,0.9193781895552198,1
ID_308478368487251804,308478,Kenya,368487,251804,Type_7,4916.0,5206.0,2024-08-03,2024-08-10,7,Repeat Loan,983.0,0.199959316517493,1041.0,0.7326551657191256,1
ID_296868363711296540,296868,Ghana,363711,296540,Type_2,30918.79,42049.56,2022-04-22,2022-10-19,180,Repeat Loan,1704.4,0.055125,2318.91,0.8852783291902365,1
ID_296326363376296540,296326,Ghana,363376,296540,Type_2,253377.36,390201.14,2022-02-25,2023-02-25,365,Repeat Loan,37837.69,0.149333333333333,58276.79,0.8775944074824945,1
ID_248647128916245684,248647,Kenya,128916,245684,Type_5,15500.0,17382.0,2022-03-19,2022-04-02,14,Repeat Loan,10000.0,0.64516129032258,11214.0,0.9146832809098728,1
ID_254148242230267278,254148,Kenya,242230,267278,Type_1,5046.0,6537.0,2022-08-22,2022-08-29,7,Repeat Loan,254.99,0.0505330955212049,330.0,0.885302759421271,1
ID_296386363812245684,296386,Ghana,363812,245684,Type_2,61715.91,82082.16,2022-05-13,2022-11-09,180,Repeat Loan,8424.22,0.1365,11201.44,0.8468873675425196,1
ID_310915374018251804,310915,Kenya,374018,251804,Type_7,3674.0,3858.0,2024-10-26,2024-11-02,7,Repeat Loan,735.0,0.200054436581382,772.0,0.6687113991384646,1
ID_255803273404267278,255803,Kenya,273404,267278,Type_1,1889.0,2212.0,2022-10-03,2022-10-10,7,Repeat Loan,372.59,0.197241926945473,436.0,0.2667046737250851,0
ID_298590365376297182,298590,Ghana,365376,297182,Type_2,30962.19,38702.73,2023-03-04,2023-08-01,150,Repeat Loan,24769.75,0.8,30962.19,0.7455071476791145,1
ID_247253260586267278,247253,Kenya,260586,267278,Type_1,838.0,1036.0,2022-09-16,2022-09-23,7,Repeat Loan,251.4,0.3,311.0,0.6671033294467562,1
ID_266305282101267278,266305,Kenya,282101,267278,Type_1,1474.0,2325.0,2022-10-15,2022-10-22,7,Repeat Loan,442.2,0.3,698.0,0.9094760148245946,1
ID_297896364625296540,297896,Ghana,364625,296540,Type_2,45756.6,59483.57,2022-10-11,2023-04-09,180,Repeat Loan,1560.99,0.034115,2024.73,0.8674616518739354,1
ID_297767365362296540,297767,Ghana,365362,296540,Type_2,89009.2,113041.68,2023-02-21,2023-08-20,180,Repeat Loan,1471.52,0.0165322222222222,1869.19,0.8852867517479506,1
ID_265042283358267278,265042,Kenya,283358,267278,Type_1,389.0,691.0,2022-10-17,2022-10-24,7,Repeat Loan,116.7,0.3,207.0,0.9197366947950236,1
ID_295484363187245684,295484,Ghana,363187,245684,Type_2,275052.88,423581.44,2022-01-14,2023-01-14,365,Repeat Loan,10011.92,0.0364,15421.3,0.8422186290487066,1
ID_295773363013245684,295773,Ghana,363013,245684,Type_2,146839.59,199701.84,2021-11-30,2022-07-28,240,Repeat Loan,39151.11,0.266625,53247.71,0.9094472263951392,1
ID_41354366291267277,41354,Kenya,366291,267277,Type_9,12000.0,14847.0,2024-04-22,2024-05-22,30,Repeat Loan,3570.0,0.2975,4417.0,0.906312137705651,1
ID_243100228801267278,243100,Kenya,228801,267278,Type_1,16308.0,20007.0,2022-07-30,2022-08-06,7,Repeat Loan,4892.4,0.3,6002.0,0.8604902388960881,1
ID_244219230484251804,244219,Kenya,230484,251804,Type_4,100000.0,105000.0,2022-08-02,2022-10-31,90,Repeat Loan,20000.0,0.2,23000.0,0.5641558601651088,1
ID_296418363016245684,296418,Ghana,363016,245684,Type_2,111369.83,141439.68,2021-12-02,2022-05-31,180,Repeat Loan,29698.62,0.266666666666666,37717.25,0.8161744110583242,1
ID_266466296114267278,266466,Kenya,296114,267278,Type_1,1755.0,1999.0,2022-11-09,2022-11-16,7,Repeat Loan,526.5,0.3,600.0,0.2067025202446681,0
ID_250344301345267278,250344,Kenya,301345,267278,Type_1,3366.0,4209.0,2022-11-19,2022-11-26,7,Repeat Loan,1009.8,0.3,1263.0,0.8786812372520569,1
ID_267929251167267278,267929,Kenya,251167,267278,Type_6,20820.0,22283.1,2022-09-03,2022-09-10,7,Repeat Loan,739.19,0.0355038424591738,791.0,0.3539515998219345,0
ID_296126364423296540,296126,Ghana,364423,296540,Type_2,29876.25,39735.41,2022-09-15,2023-03-14,180,Repeat Loan,1309.89,0.043844,1744.77,0.8784317270995023,1
ID_260225240355267278,260225,Kenya,240355,267278,Type_1,3817.0,5815.0,2022-08-19,2022-08-26,7,Repeat Loan,1145.1,0.3,1745.0,0.9197542662114934,1
ID_296224363015245684,296224,Ghana,363015,245684,Type_2,55684.91,75731.48,2021-12-02,2022-09-28,300,Repeat Loan,14849.31,0.266666666666666,23016.43,0.7996885911151718,1
ID_296853363649296540,296853,Ghana,363649,296540,Type_2,76984.09,93920.6,2022-04-19,2022-10-16,180,Repeat Loan,8406.66,0.1092,11178.09,0.6610660780565665,1
ID_261072229888267278,261072,Kenya,229888,267278,Type_1,16035.0,22666.0,2022-08-01,2022-08-08,7,Repeat Loan,4810.5,0.3,6800.0,0.9197545780622524,1
ID_296567363286245684,296567,Ghana,363286,245684,Type_2,178217.47,274454.9,2022-02-04,2023-02-04,365,Repeat Loan,2956.63,0.01659,4544.55,0.8707326846118728,1
ID_81630118678245684,81630,Kenya,118678,245684,Type_14,5000.0,5571.0,2022-02-23,2022-03-25,30,New Loan,5000.0,1.0,5571.0,0.918956756178904,1
ID_296626364091245684,296626,Ghana,364091,245684,Type_2,176795.79,208619.03,2022-07-07,2023-07-07,365,Repeat Loan,8044.21,0.0455,12390.44,0.4811684830186216,0
ID_311449371880267278,311449,Kenya,371880,267278,Type_7,4995.0,5450.0,2024-09-25,2024-10-02,7,New Loan,999.0,0.2,1090.0,0.905383718993504,1
ID_296386363812296540,296386,Ghana,363812,296540,Type_2,61715.91,82082.16,2022-05-13,2022-11-09,180,Repeat Loan,8424.22,0.1365,11201.44,0.8468873675425196,1
ID_74760111162245684,74760,Kenya,111162,245684,Type_14,10000.0,11009.0,2022-01-13,2022-02-12,30,New Loan,10000.0,1.0,11009.0,0.9181128506852736,1
ID_308853372958267278,308853,Kenya,372958,267278,Type_7,6100.0,6527.0,2024-10-10,2024-10-17,7,Repeat Loan,1220.0,0.2,1305.0,0.7696051954743992,1
ID_297773364482297182,297773,Ghana,364482,297182,Type_2,34909.26,40145.65,2022-09-28,2023-03-27,180,Repeat Loan,9309.14,0.266666666666666,12101.88,0.7773422596692193,1
ID_295808364079296542,295808,Ghana,364079,296542,Type_8,73402.53,94322.25,2022-07-05,2023-01-01,180,Repeat Loan,14680.51,0.2,18864.45,0.8473338712208495,1
ID_295306363453296540,295306,Ghana,363453,296540,Type_2,80624.56,93524.49,2022-03-11,2022-11-06,240,Repeat Loan,8804.2,0.1092,12674.18,0.6123409308667191,1
ID_295910363229245684,295910,Ghana,363229,245684,Type_2,181813.21,211812.39,2022-01-25,2022-08-23,210,Repeat Loan,9927.0,0.0546,13745.08,0.8309889890667237,1
ID_297752364483245684,297752,Ghana,364483,245684,Type_2,59253.14,74066.43,2022-09-23,2023-03-22,180,Repeat Loan,4059.67,0.068514,5273.53,0.888416354842927,1
ID_295617364043245684,295617,Ghana,364043,245684,Type_2,148020.17,172443.5,2022-07-02,2022-11-29,150,Repeat Loan,8081.9,0.0546,10302.2,0.8450489921478175,1
ID_295617364043297182,295617,Ghana,364043,297182,Type_2,148020.17,172443.5,2022-07-02,2022-11-29,150,Repeat Loan,8081.9,0.0546,10302.2,0.8450489921478175,1
ID_265510236398267278,265510,Kenya,236398,267278,Type_1,1050.0,1679.0,2022-08-13,2022-08-20,7,Repeat Loan,7.2,0.0068571428571428,12.0,0.9172891164927492,1
ID_295855364013245684,295855,Ghana,364013,245684,Type_2,44668.27,49879.56,2022-06-23,2022-12-20,180,Repeat Loan,7146.92,0.16,9082.55,0.750712373220203,1
ID_296651363384296540,296651,Ghana,363384,296540,Type_2,101350.94,128715.7,2022-02-25,2022-08-24,180,Repeat Loan,6124.47,0.0604283333333333,7770.24,0.8327468264119192,1
ID_271089262792267278,271089,Kenya,262792,267278,Type_1,1639.0,2589.0,2022-09-19,2022-09-26,7,Repeat Loan,491.7,0.3,777.0,0.9197536838963308,1
ID_296401363017245684,296401,Ghana,363017,245684,Type_2,111369.83,144780.78,2021-12-02,2022-05-31,180,Repeat Loan,29698.62,0.266666666666666,38608.21,0.8669749769024996,1
ID_296854364300297182,296854,Ghana,364300,297182,Type_2,81671.51,108623.11,2022-08-24,2023-02-20,180,Repeat Loan,6606.32,0.0808888888888888,8784.22,0.9066473681452796,1
ID_253266221583267278,253266,Kenya,221583,267278,Type_1,10529.0,12210.0,2022-07-21,2022-07-28,7,Repeat Loan,3158.7,0.3,3663.0,0.7916521290099345,1
ID_265690251478267278,265690,Kenya,251478,267278,Type_1,18796.0,26537.0,2022-09-03,2022-09-10,7,Repeat Loan,5638.8,0.3,7961.0,0.9197545779424102,1
ID_263460241252267278,263460,Kenya,241252,267278,Type_1,1090.0,1263.0,2022-08-20,2022-08-27,7,Repeat Loan,58.2,0.053394495412844,67.0,0.4564294994865728,0
ID_296842364940296540,296842,Ghana,364940,296540,Type_2,50562.46,54169.24,2022-11-23,2023-04-22,150,Repeat Loan,7212.82,0.142651666666666,8570.34,0.8046075142462066,1
ID_259067223691267278,259067,Kenya,223691,267278,Type_1,26495.0,27752.0,2022-07-25,2022-08-01,7,Repeat Loan,7948.5,0.3,8326.0,0.4346468874302697,0
ID_259228232549267278,259228,Kenya,232549,267278,Type_1,4100.0,4470.0,2022-08-05,2022-08-12,7,Repeat Loan,1230.0,0.3,1341.0,0.5382003202520488,1
ID_296172364683297182,296172,Ghana,364683,297182,Type_2,66351.83,88247.94,2022-10-18,2023-04-16,180,Repeat Loan,13270.37,0.2,17649.59,0.8596430030555979,1
ID_247537365486251804,247537,Kenya,365486,251804,Type_4,800000.0,894873.0,2024-02-02,2024-05-02,90,Repeat Loan,200000.0,0.25,223718.0,0.3366750866545699,0
ID_295459363312296540,295459,Ghana,363312,296540,Type_2,266339.47,410162.78,2022-02-10,2023-02-10,365,Repeat Loan,9694.76,0.0364,14932.77,0.8422186290487073,1
ID_242488357256267278,242488,Kenya,357256,267278,Type_4,30000.0,32543.0,2023-07-14,2023-08-13,30,Repeat Loan,9500.0,0.316666666666666,10305.0,0.391466518208239,0
ID_295909363228245684,295909,Ghana,363228,245684,Type_2,181813.21,211812.39,2022-01-25,2022-08-23,210,Repeat Loan,9927.0,0.0546,13745.08,0.8309889890667237,1
ID_295515363348296540,295515,Ghana,363348,296540,Type_2,210906.49,284477.7,2022-02-17,2022-09-15,210,Repeat Loan,56241.73,0.266666666666666,77894.8,0.9197198605817064,1
ID_295571364412297182,295571,Ghana,364412,297182,Type_2,179792.28,204064.24,2022-09-13,2022-12-12,90,Repeat Loan,35958.46,0.2,40812.85,0.8628159204003022,1
ID_269404235854267278,269404,Kenya,235854,267278,Type_1,1919.0,2300.0,2022-08-12,2022-08-19,7,Repeat Loan,575.7,0.3,690.0,0.896763410994899,1
ID_297786364537297182,297786,Ghana,364537,297182,Type_2,69805.89,75634.69,2022-09-30,2023-03-29,180,Repeat Loan,11168.94,0.16,14519.63,0.8628523014621998,1
ID_295050364172245684,295050,Ghana,364172,245684,Type_2,169729.76,197735.17,2022-07-27,2023-05-23,300,Repeat Loan,7722.7,0.0455,11965.95,0.7939421980002983,1
ID_259564238737267278,259564,Kenya,238737,267278,Type_1,2846.0,3634.0,2022-08-17,2022-08-24,7,Repeat Loan,853.8,0.3,1090.0,0.3831927387260248,0
ID_295141364688297182,295141,Ghana,364688,297182,Type_2,180754.84,253960.55,2022-10-20,2023-04-18,180,Repeat Loan,36150.97,0.2,52418.9,0.9009919588590544,1
ID_295855364013296540,295855,Ghana,364013,296540,Type_2,44668.27,49879.56,2022-06-23,2022-12-20,180,Repeat Loan,7146.92,0.16,9082.55,0.750712373220203,1
ID_308905369340251804,308905,Kenya,369340,251804,Type_7,5000.0,5477.0,2024-08-21,2024-08-28,7,Repeat Loan,1000.0,0.2,1095.0,0.8884956254779544,1
ID_273722357385267278,273722,Kenya,357385,267278,Type_20,205481.0,233360.0,2023-07-20,2023-08-19,30,Repeat Loan,25481.0,0.124006599150286,28938.0,0.9172597008923132,1
ID_298533365369297182,298533,Ghana,365369,297182,Type_2,30144.69,37680.86,2023-02-23,2023-07-23,150,New Loan,12057.88,0.4,15072.35,0.4965161394706316,0
ID_264432225500267278,264432,Kenya,225500,267278,Type_1,32094.0,42358.0,2022-07-27,2022-08-03,7,Repeat Loan,9628.2,0.3,12707.0,0.9187680227206524,1
ID_297695364406296540,297695,Ghana,364406,296540,Type_2,72075.3,93697.89,2022-09-12,2023-03-11,180,Repeat Loan,2110.36,0.02928,2738.86,0.8884785489920354,1
ID_298646365389296540,298646,Ghana,365389,296540,Type_2,47109.25,58886.56,2023-03-16,2023-08-13,150,Repeat Loan,9421.85,0.2,11777.31,0.8157007037271142,1
ID_69751105198245684,69751,Kenya,105198,245684,Type_14,10000.0,11111.0,2021-11-23,2021-12-23,30,New Loan,10000.0,1.0,11111.0,0.918819331671072,1
ID_296853364298296540,296853,Ghana,364298,296540,Type_2,90746.12,120764.94,2022-08-24,2023-02-20,180,Repeat Loan,6606.32,0.0728,8796.32,0.877642643021573,1
ID_208064105353245684,208064,Kenya,105353,245684,Type_14,10000.0,11111.0,2021-11-24,2021-12-24,30,New Loan,10000.0,1.0,11111.0,0.918819331671072,1
ID_246019274772267278,246019,Kenya,274772,267278,Type_1,3641.0,5394.0,2022-10-05,2022-10-12,7,Repeat Loan,1092.3,0.3,1618.0,0.9172897150568636,1
ID_297585364340296540,297585,Ghana,364340,296540,Type_2,72060.76,98002.63,2022-09-02,2023-03-01,180,Repeat Loan,6557.53,0.091,8923.52,0.9038188282337506,1
ID_264410223787267278,264410,Kenya,223787,267278,Type_1,5807.0,6481.0,2022-07-25,2022-08-01,7,Repeat Loan,1742.1,0.3,1944.0,0.3519195559300607,0
ID_262275232979267278,262275,Kenya,232979,267278,Type_1,31841.0,44893.0,2022-08-06,2022-08-13,7,Repeat Loan,9552.3,0.3,13468.0,0.9197406668984784,1
ID_296748363561245684,296748,Ghana,363561,245684,Type_2,77314.44,96364.72,2022-03-29,2022-09-25,180,Repeat Loan,8442.74,0.1092,10715.78,0.8802590160068723,1
ID_295512365372296540,295512,Ghana,365372,296540,Type_2,199663.49,307481.78,2023-03-02,2024-02-25,360,Repeat Loan,11860.51,0.0594025,18269.21,0.882309074380451,1
ID_296664363437296542,296664,Ghana,363437,296542,Type_8,48729.13,63347.87,2022-03-08,2022-09-04,180,New Loan,19491.65,0.4,25339.15,0.2858722045107723,0
ID_296686364574297182,296686,Ghana,364574,297182,Type_8,24961.51,26402.47,2022-10-12,2023-04-10,180,Repeat Loan,4992.3,0.2,6410.57,0.422392127029058,0
ID_296662363435296542,296662,Ghana,363435,296542,Type_8,48729.13,63347.87,2022-03-08,2022-09-04,180,Repeat Loan,12994.44,0.266666666666666,16892.77,0.8472923397595894,1
ID_258915227587267278,258915,Kenya,227587,267278,Type_1,5000.0,5536.0,2022-07-29,2022-08-05,7,Repeat Loan,1500.0,0.3,1661.0,0.4441927432437488,0
ID_296008364733297182,296008,Ghana,364733,297182,Type_2,34861.62,40265.17,2022-10-26,2023-04-24,180,Repeat Loan,6972.32,0.2,9273.19,0.84061869184343,1
ID_296378363863296540,296378,Ghana,363863,296540,Type_2,60164.7,67143.8,2022-05-23,2022-11-19,180,Repeat Loan,8212.48,0.1365,10919.89,0.7321911785309323,1
ID_240056306178267278,240056,Kenya,306178,267278,Type_4,245000.0,322453.0,2022-12-20,2023-06-20,182,Repeat Loan,32666.0,0.133330612244897,42993.0,0.359625731102406,0
ID_296140363303245684,296140,Ghana,363303,245684,Type_2,53398.74,73957.25,2022-02-09,2022-09-07,210,Repeat Loan,6445.41,0.120703333333333,8935.39,0.8817538129231982,1
ID_295864364358245684,295864,Ghana,364358,245684,Type_2,72601.91,92567.43,2022-09-06,2023-03-05,180,Repeat Loan,2039.02,0.028085,2710.47,0.881229714659366,1
ID_298591365378297182,298591,Ghana,365378,297182,Type_2,30962.19,38702.73,2023-03-04,2023-08-01,150,Repeat Loan,24769.75,0.8,30962.19,0.7455071476791145,1
ID_295271364014296540,295271,Ghana,364014,296540,Type_2,74447.11,104598.19,2022-06-23,2023-06-23,365,Repeat Loan,8129.62,0.1092,12522.0,0.8110323422503521,1
ID_297598364361297182,297598,Ghana,364361,297182,Type_2,60226.61,66249.27,2022-09-08,2023-03-07,180,Repeat Loan,6576.75,0.1092,8552.18,0.81158728398795,1
ID_296167365327297182,296167,Ghana,365327,297182,Type_2,82482.99,99185.8,2023-02-10,2023-09-08,210,Repeat Loan,32993.2,0.4,43386.06,0.7000158389435127,1
ID_267236357592251804,267236,Kenya,357592,251804,Type_4,800000.0,855316.0,2023-08-11,2023-12-09,120,Repeat Loan,140000.0,0.175,152900.0,0.5509107223691306,1
ID_248850370540267278,248850,Kenya,370540,267278,Type_7,13116.0,14172.0,2024-09-07,2024-09-14,7,Repeat Loan,2623.0,0.199984751448612,2834.0,0.8503260147316937,1
ID_296254363834296540,296254,Ghana,363834,296540,Type_2,182572.6,231867.21,2022-05-17,2022-11-13,180,Repeat Loan,8307.05,0.0455,10543.57,0.8725074500843998,1
ID_296543363242296540,296543,Ghana,363242,296540,Type_2,108852.67,108852.67,2022-01-27,2022-07-26,180,New Loan,9905.59,0.091,12572.48,0.2160231648002717,0
ID_254458284328267278,254458,Kenya,284328,267278,Type_1,48225.0,65070.0,2022-10-18,2022-10-25,7,Repeat Loan,2797.63,0.0580120269569725,3775.0,0.9121510227953312,1
ID_295350363011245684,295350,Ghana,363011,245684,Type_2,220259.38,341402.04,2021-11-30,2022-09-26,300,Repeat Loan,58735.84,0.266666666666666,91040.54,0.9084671850939032,1
ID_248114262971267277,248114,Kenya,262971,267277,Type_15,20000000.0,24152842.0,2022-09-20,2025-01-16,849,Repeat Loan,1000.0,5e-05,1208.0,0.332143077106947,0
ID_273307306702267278,273307,Kenya,306702,267278,Type_23,3006566.0,3167417.28,2023-02-21,2023-05-22,90,Repeat Loan,200000.0,0.0665210742089147,210700.0,0.9116872262068044,1
ID_250619279009267278,250619,Kenya,279009,267278,Type_1,320.0,602.0,2022-10-10,2022-10-17,7,Repeat Loan,96.0,0.3,181.0,0.9197384295496596,1
ID_239690229191267278,239690,Kenya,229191,267278,Type_1,5064.0,6940.0,2022-08-01,2022-08-08,7,Repeat Loan,1519.2,0.3,2082.0,0.919754754087581,1
ID_298587365377297182,298587,Ghana,365377,297182,Type_2,30962.19,38702.73,2023-03-04,2023-08-01,150,Repeat Loan,24769.75,0.8,30962.19,0.7455071476791145,1
ID_297737364371297182,297737,Ghana,364371,297182,Type_2,48059.42,65360.82,2022-09-09,2023-03-08,180,Repeat Loan,9611.88,0.2,13072.16,0.8870345172346029,1
ID_296294363893245684,296294,Ghana,363893,245684,Type_2,149559.99,215366.39,2022-05-30,2023-01-25,240,Repeat Loan,3600.36,0.024073,5189.73,0.903781432055618,1
ID_296114364297245684,296114,Ghana,364297,245684,Type_2,120994.83,160923.12,2022-08-24,2023-02-20,180,Repeat Loan,6606.32,0.0546,8784.22,0.8851936366242354,1
ID_272033284717267278,272033,Kenya,284717,267278,Type_1,1785.0,2394.0,2022-10-19,2022-10-26,7,Repeat Loan,535.5,0.3,718.0,0.91975442645682,1
ID_295459363312245684,295459,Ghana,363312,245684,Type_2,266339.47,410162.78,2022-02-10,2023-02-10,365,Repeat Loan,1836.32,0.0068946666666666,2823.2,0.8763488481120772,1
ID_296301363267296540,296301,Ghana,363267,296540,Type_2,91037.54,123811.06,2022-01-31,2022-07-30,180,Repeat Loan,24270.61,0.2666,33010.21,0.7823113795065539,1
ID_273307306634251804,273307,Kenya,306634,251804,Type_23,3986325.0,4205572.88,2023-02-14,2023-05-15,90,Repeat Loan,30000.0,0.0075257285845985,31650.0,0.8303963152960967,1
ID_296626364091296540,296626,Ghana,364091,296540,Type_2,176795.79,208619.03,2022-07-07,2023-07-07,365,Repeat Loan,8044.21,0.0455,12390.44,0.4811684830186216,0
ID_260632300102267278,260632,Kenya,300102,267278,Type_5,15000.0,28219.0,2022-11-17,2022-12-01,14,Repeat Loan,2000.0,0.133333333333333,3763.0,0.919754760868544,1
ID_311581372825251804,311581,Kenya,372825,251804,Type_7,6500.0,7079.0,2024-10-08,2024-10-15,7,Repeat Loan,1300.0,0.2,1416.0,0.8757658222091981,1
ID_295512365372297182,295512,Ghana,365372,297182,Type_2,199663.49,307481.78,2023-03-02,2024-02-25,360,Repeat Loan,119798.1,0.6,184489.07,0.902318558750234,1
ID_296205364641297182,296205,Ghana,364641,297182,Type_2,68076.84,90542.19,2022-10-12,2023-04-10,180,Repeat Loan,13615.37,0.2,18108.44,0.8596430030532184,1
ID_296006363062245684,296006,Ghana,363062,245684,Type_2,74162.77,109760.9,2021-12-10,2022-08-07,240,Repeat Loan,10123.22,0.1365,14980.88,0.8234570219581746,1
ID_246906264041267278,246906,Kenya,264041,267278,Type_1,1278.0,1969.0,2022-09-21,2022-09-28,7,Repeat Loan,383.4,0.3,591.0,0.9197542724747364,1
ID_296167364260297182,296167,Ghana,364260,297182,Type_2,73682.09,97997.18,2022-08-19,2023-02-15,180,Repeat Loan,6705.07,0.091,8915.53,0.9037833531675888,1
ID_296850364296296540,296850,Ghana,364296,296540,Type_2,91088.8,121148.11,2022-08-23,2023-02-19,180,Repeat Loan,6631.26,0.0728,8817.4,0.8776426427864833,1
ID_296890364357296540,296890,Ghana,364357,296540,Type_2,72604.66,95475.13,2022-09-05,2023-04-03,210,Repeat Loan,6607.02,0.091,8688.36,0.8939674946768611,1
ID_295545363966297182,295545,Ghana,363966,297182,Type_2,221684.53,228335.07,2022-06-14,2022-12-11,180,Repeat Loan,59115.88,0.266666666666666,78624.11,0.5143671130820257,1
ID_296129364558297182,296129,Ghana,364558,297182,Type_2,159939.37,265499.35,2022-10-07,2023-10-07,365,Repeat Loan,25590.3,0.16,42475.33,0.8804369758577086,1
ID_296250363840296540,296250,Ghana,363840,296540,Type_2,195762.75,248618.69,2022-05-19,2023-05-19,365,Repeat Loan,8222.04,0.042,12664.34,0.6773752422254135,1
ID_296512363233245684,296512,Ghana,363233,245684,Type_2,109087.93,158177.49,2022-01-25,2022-11-21,300,New Loan,9927.0,0.091,14399.61,0.3676964123290619,0
ID_295994364179297182,295994,Ghana,364179,297182,Type_8,112145.58,144107.06,2022-07-28,2023-01-24,180,Repeat Loan,17943.29,0.16,23059.93,0.8150122810612518,1
ID_295350365370297182,295350,Ghana,365370,297182,Type_2,200964.6,309485.48,2023-02-23,2024-02-18,360,Repeat Loan,80385.84,0.4,123794.19,0.9053398681409998,1
ID_296570363289296540,296570,Ghana,363289,296540,Type_2,178217.47,274454.9,2022-02-04,2023-02-04,365,Repeat Loan,47512.78,0.2666,73176.09,0.8845996453713698,1
ID_296114364297296540,296114,Ghana,364297,296540,Type_2,120994.83,160923.12,2022-08-24,2023-02-20,180,Repeat Loan,6606.32,0.0546,8784.22,0.8851936366242354,1
ID_239870361008251804,239870,Kenya,361008,251804,Type_4,20000.0,22646.0,2024-01-08,2024-02-07,30,Repeat Loan,5000.0,0.25,5662.0,0.8952445799328692,1
ID_252095114407251804,252095,Kenya,114407,251804,Type_5,18000.0,20174.0,2022-02-01,2022-02-15,14,New Loan,3600.0,0.2,4035.0,0.8305358846045542,1
ID_295421364824297182,295421,Ghana,364824,297182,Type_2,100602.95,154928.55,2022-11-10,2023-11-10,365,Repeat Loan,26827.45,0.266666666666666,41314.28,0.8432235849651883,1
ID_273307306678267278,273307,Kenya,306678,267278,Type_23,766043.0,807026.31,2023-02-17,2023-05-18,90,Repeat Loan,100000.0,0.130540974853892,105350.0,0.886936261240544,1
ID_296166365261297182,296166,Ghana,365261,297182,Type_2,70216.78,93388.31,2023-01-24,2023-07-23,180,Repeat Loan,14043.36,0.2,18677.66,0.8556212658297329,1
ID_251031189782267278,251031,Kenya,189782,267278,Type_1,4498.0,5383.0,2022-08-11,2022-08-18,7,Repeat Loan,1349.4,0.3,1615.0,0.9168886789893036,1
ID_296349364328296540,296349,Ghana,364328,296540,Type_2,36001.98,39962.2,2022-08-31,2023-02-27,180,Repeat Loan,4800.26,0.133333333333333,6384.35,0.7010383144898796,1
ID_260366219151267278,260366,Kenya,219151,267278,Type_1,24570.0,30247.0,2022-07-18,2022-07-25,7,Repeat Loan,7371.0,0.3,9074.0,0.8973011625093964,1
ID_298521365363297182,298521,Ghana,365363,297182,Type_2,49449.55,51091.28,2023-02-21,2023-08-20,180,New Loan,19779.82,0.4,25713.77,0.5431230286721423,1
ID_296524363245245684,296524,Ghana,363245,245684,Type_2,54654.44,74330.04,2022-01-26,2022-07-25,180,Repeat Loan,9947.11,0.182,13536.08,0.8875156423497236,1
ID_250216259354267278,250216,Kenya,259354,267278,Type_1,1500.0,2373.0,2022-09-14,2022-09-21,7,Repeat Loan,450.0,0.3,712.0,0.919754372659082,1
ID_309565372879251804,309565,Kenya,372879,251804,Type_7,4975.0,5409.0,2024-10-10,2024-10-17,7,Repeat Loan,995.0,0.2,1082.0,0.8711658028301007,1
ID_295887363955296540,295887,Ghana,363955,296540,Type_2,147775.46,212796.66,2022-06-13,2023-02-08,240,Repeat Loan,8068.54,0.0546,11615.15,0.8802543589342516,1
ID_295594364196296540,295594,Ghana,364196,296540,Type_2,204109.06,280717.99,2022-08-09,2023-05-01,265,Repeat Loan,7429.57,0.0364,10776.96,0.9093317502638348,1
ID_296569363288296540,296569,Ghana,363288,296540,Type_2,178217.47,274454.9,2022-02-04,2023-02-04,365,Repeat Loan,47512.78,0.2666,73176.09,0.8845996453713698,1
ID_268962286157251804,268962,Kenya,286157,251804,Type_6,2150.0,2949.0,2022-10-22,2022-10-29,7,Repeat Loan,344.0,0.16,472.0,0.9197442921134884,1
ID_296594363323245684,296594,Ghana,363323,245684,Type_2,87900.12,124818.16,2022-02-16,2022-09-14,210,Repeat Loan,9418.5,0.10715,13378.4,0.8341467373136721,1
ID_250250270822267278,250250,Kenya,270822,267278,Type_1,738.0,1136.0,2022-09-29,2022-10-06,7,Repeat Loan,221.4,0.3,341.0,0.8818888639911469,1
ID_297695364406297182,297695,Ghana,364406,297182,Type_2,72075.3,93697.89,2022-09-12,2023-03-11,180,Repeat Loan,6558.85,0.091,8528.91,0.8915469607394917,1
ID_252781269576267278,252781,Kenya,269576,267278,Type_1,8278.0,9557.0,2022-09-28,2022-10-05,7,Repeat Loan,1158.38,0.139934766851896,1337.0,0.9176752749969864,1
ID_296663363438296542,296663,Ghana,363438,296542,Type_8,48729.13,63347.87,2022-03-08,2022-09-04,180,New Loan,19491.65,0.4,25339.15,0.2858722045107723,0
ID_295809365359297182,295809,Ghana,365359,297182,Type_2,54227.11,72284.74,2023-02-17,2023-09-15,210,Repeat Loan,21690.85,0.4,28917.84,0.833273129571064,1
ID_269132263948267278,269132,Kenya,263948,267278,Type_1,2290.0,2902.0,2022-09-20,2022-09-27,7,Repeat Loan,687.0,0.3,871.0,0.903729155394268,1
ID_296560364417297182,296560,Ghana,364417,297182,Type_2,59421.39,80813.09,2022-09-14,2023-03-13,180,Repeat Loan,11884.28,0.2,16162.62,0.8783551250652555,1
ID_244322169956251804,244322,Kenya,169956,251804,Type_5,163500.0,178569.0,2022-05-20,2022-06-03,14,Repeat Loan,26160.0,0.16,28571.0,0.8938612057013379,1
ID_296610363365245684,296610,Ghana,363365,245684,Type_2,69000.69,91770.92,2022-02-22,2022-08-21,180,Repeat Loan,1921.32,0.0278449999999999,2553.03,0.8818413624011904,1
ID_296324364302296540,296324,Ghana,364302,296540,Type_2,108584.16,167219.6,2022-08-25,2023-08-25,365,Repeat Loan,6587.44,0.0606666666666666,10146.59,0.8598189537424247,1
ID_8454276121267278,8454,Kenya,276121,267278,Type_1,22290.0,31450.0,2022-10-06,2022-10-13,7,Repeat Loan,1504.59,0.0675006729475101,2123.0,0.9197546843135512,1
ID_273189306708251804,273189,Kenya,306708,251804,Type_4,25000.0,31893.0,2023-02-21,2023-03-23,30,Repeat Loan,5000.0,0.2,6379.0,0.903783514437029,1
ID_296257363584296540,296257,Ghana,363584,296540,Type_2,229282.81,353095.53,2022-04-01,2023-04-01,365,Repeat Loan,8345.89,0.0364,12855.12,0.7641836211447376,1
ID_241259137302251804,241259,Kenya,137302,251804,Type_18,2900.0,3113.0,2022-04-05,2022-05-05,30,Repeat Loan,580.0,0.2,623.0,0.2976922821452125,0
ID_297952364800297182,297952,Ghana,364800,297182,Type_2,52182.61,67837.39,2022-11-02,2023-05-01,180,Repeat Loan,10436.52,0.2,13567.48,0.8782745656325203,1
ID_297737364371296540,297737,Ghana,364371,296540,Type_2,48059.42,65360.82,2022-09-09,2023-03-08,180,Repeat Loan,7704.17,0.160305,10476.95,0.8883076337482759,1
ID_295601365285296540,295601,Ghana,365285,296540,Type_2,60948.65,81061.7,2023-01-31,2023-07-30,180,Repeat Loan,1218.97,0.02,1625.3,0.8748081241059015,1
ID_248364368873251804,248364,Kenya,368873,251804,Type_7,11906.0,12323.0,2024-08-13,2024-08-20,7,Repeat Loan,2381.0,0.199983201747018,2464.0,0.3387740957122707,0
ID_296001364015297182,296001,Ghana,364015,297182,Type_2,118403.11,125211.29,2022-06-24,2023-02-19,240,Repeat Loan,23680.62,0.2,34100.1,0.8468385419049177,1
ID_296103364383296540,296103,Ghana,364383,296540,Type_2,48059.42,61035.47,2022-09-09,2023-03-08,180,Repeat Loan,3118.58,0.06489,3964.9,0.8665096818286034,1
ID_265100233066267278,265100,Kenya,233066,267278,Type_1,5107.0,6653.0,2022-08-07,2022-08-14,7,Repeat Loan,1532.1,0.3,1996.0,0.9197530189519088,1
ID_267839277811267278,267839,Kenya,277811,267278,Type_1,14000.0,19802.0,2022-10-08,2022-10-15,7,Repeat Loan,10.73,0.0007664285714285,15.0,0.914755473181322,1
ID_260007367440251804,260007,Kenya,367440,251804,Type_7,11558.0,12811.0,2024-07-06,2024-07-13,7,Repeat Loan,2311.0,0.199948087904481,2562.0,0.9043873947823092,1
ID_249616116664251804,249616,Kenya,116664,251804,Type_5,14300.0,16047.0,2022-02-14,2022-02-28,14,Repeat Loan,2288.0,0.16,2568.0,0.9149365455922938,1
ID_296255365246296540,296255,Ghana,365246,296540,Type_2,142381.34,220691.07,2023-01-20,2023-11-16,300,Repeat Loan,22781.01,0.16,35310.57,0.9139311554598644,1
ID_266032219820267278,266032,Kenya,219820,267278,Type_1,1500.0,1858.0,2022-07-19,2022-07-26,7,Repeat Loan,450.0,0.3,557.0,0.9195572378990764,1
ID_263718298530267278,263718,Kenya,298530,267278,Type_1,918.0,1289.0,2022-11-14,2022-11-21,7,Repeat Loan,275.4,0.3,387.0,0.9172893267934156,1
ID_253376283037267278,253376,Kenya,283037,267278,Type_1,13431.0,18095.0,2022-10-17,2022-10-24,7,Repeat Loan,4029.3,0.3,5429.0,0.9197547078593264,1
ID_241586246512267278,241586,Kenya,246512,267278,Type_1,699.0,1085.0,2022-08-29,2022-09-05,7,New Loan,209.7,0.3,326.0,0.8473732597999892,1
ID_295050364821297182,295050,Ghana,364821,297182,Type_2,160863.99,233252.79,2022-11-05,2023-09-01,300,Repeat Loan,32172.8,0.2,46650.56,0.91206784180789,1
ID_248257299406267278,248257,Kenya,299406,267278,Type_1,769.0,1045.0,2022-11-15,2022-11-22,7,Repeat Loan,230.7,0.3,314.0,0.9172816760440404,1
ID_296649363381296540,296649,Ghana,363381,296540,Type_2,84366.09,88010.7,2022-02-28,2022-08-27,180,Repeat Loan,20894.27,0.247662,26541.57,0.8178057148335699,1
ID_224772360453267277,224772,Kenya,360453,267277,Type_2,250000.0,305093.0,2023-11-03,2024-05-01,180,Repeat Loan,1197.65,0.0047906,1462.0,0.8849251311912399,1
ID_249239215586267278,249239,Kenya,215586,267278,Type_1,80186.0,96159.0,2022-07-14,2022-07-21,7,Repeat Loan,24055.8,0.3,28848.0,0.8765133371998969,1
ID_296900363749296540,296900,Ghana,363749,296540,Type_2,46411.93,61727.86,2022-05-04,2022-10-31,180,Repeat Loan,8446.97,0.182,11231.69,0.8546306299512415,1
ID_296167363572296540,296167,Ghana,363572,296540,Type_2,61471.73,74995.51,2022-03-31,2022-09-27,180,Repeat Loan,5249.22,0.0853925,6977.04,0.8238314342825134,1
ID_295711364122296540,295711,Ghana,364122,296540,Type_2,58374.91,77638.63,2022-07-22,2023-01-18,180,Repeat Loan,7778.46,0.13325,10346.95,0.8851007368226435,1
ID_269587262290267278,269587,Kenya,262290,267278,Type_1,1500.0,1899.0,2022-09-19,2022-09-26,7,Repeat Loan,450.0,0.3,570.0,0.9196971885543732,1
ID_298642365384296540,298642,Ghana,365384,296540,Type_2,62659.4,81457.22,2023-03-17,2023-09-13,180,Repeat Loan,10025.5,0.16,13033.16,0.867513715547774,1
ID_296616363374296540,296616,Ghana,363374,296540,Type_2,85070.26,108039.23,2022-02-24,2022-08-23,180,Repeat Loan,17014.05,0.2,21607.85,0.7883953837408217,1
ID_296578363347296540,296578,Ghana,363347,296540,Type_2,43413.97,57740.58,2022-02-18,2022-02-24,6,Repeat Loan,20248.27,0.4664,26934.03,0.8242251231175989,1
ID_297938364699296540,297938,Ghana,364699,296540,Type_2,20521.22,26677.59,2022-10-19,2023-04-17,180,Repeat Loan,2554.69,0.124489999999999,3324.44,0.7344900341307136,1
ID_296545363252296540,296545,Ghana,363252,296540,Type_2,108852.67,157836.36,2022-01-27,2022-11-23,300,Repeat Loan,9905.59,0.091,14368.55,0.8723243172124516,1
ID_297869364654297182,297869,Ghana,364654,297182,Type_2,55219.24,67422.69,2022-10-17,2023-04-15,180,Repeat Loan,11043.85,0.2,14357.0,0.7386746770951744,1
ID_296661363436296542,296661,Ghana,363436,296542,Type_8,48729.13,63347.87,2022-03-08,2022-09-04,180,Repeat Loan,19491.65,0.4,25339.15,0.7717295103817209,1
ID_268605245165267278,268605,Kenya,245165,267278,Type_1,1500.0,2373.0,2022-08-26,2022-09-02,7,Repeat Loan,450.0,0.3,712.0,0.919754372659082,1
ID_308678368359251804,308678,Kenya,368359,251804,Type_7,6423.0,7209.0,2024-07-31,2024-08-07,7,Repeat Loan,1284.0,0.199906585707613,1441.0,0.9099866134555532,1
ID_24562306543267278,24562,Kenya,306543,267278,Type_4,10000.0,13336.0,2023-02-02,2023-03-04,30,Repeat Loan,1600.0,0.16,2134.0,0.9197546868932684,1
ID_297498365284296540,297498,Ghana,365284,296540,Type_2,91422.97,116107.17,2023-01-31,2023-07-30,180,Repeat Loan,12717.95,0.139111111111111,16151.39,0.8341955196548517,1
ID_295617364043296540,295617,Ghana,364043,296540,Type_2,148020.17,172443.5,2022-07-02,2022-11-29,150,Repeat Loan,8081.9,0.0546,10302.2,0.8450489921478175,1
ID_252321115204251804,252321,Kenya,115204,251804,Type_5,22000.0,24593.0,2022-02-05,2022-02-19,14,Repeat Loan,4400.0,0.2,4919.0,0.9136495930193514,1
ID_295862363251245684,295862,Ghana,363251,245684,Type_2,90710.55,140601.36,2022-01-27,2022-11-23,300,Repeat Loan,9905.59,0.1092,15348.23,0.8608924499542938,1
ID_293343360195267277,293343,Kenya,360195,267277,Type_9,10000.0,12131.0,2023-10-13,2023-11-12,30,Repeat Loan,3750.0,0.375,4549.0,0.8867899659421284,1
ID_248364368873267278,248364,Kenya,368873,267278,Type_7,11906.0,12323.0,2024-08-13,2024-08-20,7,Repeat Loan,2381.0,0.199983201747018,2464.0,0.3387740957122707,0
ID_296661364452245684,296661,Ghana,364452,245684,Type_2,47778.53,63545.44,2022-09-19,2023-03-18,180,Repeat Loan,1586.84,0.0332125,2114.2,0.878394319443562,1
ID_258959278242267278,258959,Kenya,278242,267278,Type_1,1500.0,2373.0,2022-10-10,2022-10-17,7,Repeat Loan,450.0,0.3,712.0,0.919754372659082,1
ID_308517372630267278,308517,Kenya,372630,267278,Type_7,5438.0,5717.0,2024-10-06,2024-10-13,7,Repeat Loan,1087.0,0.199889665318131,1143.0,0.6725664281048943,1
ID_298055364892296540,298055,Ghana,364892,296540,Type_2,50557.02,57297.95,2022-11-16,2023-05-15,180,Repeat Loan,4625.8,0.0914966666666666,6016.28,0.8088521858910367,1
ID_297752364483296540,297752,Ghana,364483,296540,Type_2,59253.14,74066.43,2022-09-23,2023-03-22,180,Repeat Loan,4226.65,0.071332,5498.69,0.8884163548828048,1
ID_267984222412267278,267984,Kenya,222412,267278,Type_1,13268.0,16087.0,2022-07-22,2022-07-29,7,Repeat Loan,3980.4,0.3,4826.0,0.9194790212751032,1
ID_248997214935267278,248997,Kenya,214935,267278,Type_1,15462.0,18968.0,2022-07-13,2022-07-20,7,Repeat Loan,4638.6,0.3,5690.0,0.8208645289089304,1
ID_297598364361245684,297598,Ghana,364361,245684,Type_2,60226.61,66249.27,2022-09-08,2023-03-07,180,Repeat Loan,6576.75,0.1092,8552.18,0.81158728398795,1
ID_295367364868297182,295367,Ghana,364868,297182,Type_2,84250.14,114580.19,2022-11-11,2023-09-07,300,Repeat Loan,16850.03,0.2,24432.54,0.7655071395054472,1
ID_296740364261296540,296740,Ghana,364261,296540,Type_2,92102.62,122496.48,2022-08-19,2023-02-15,180,Repeat Loan,6705.07,0.0728,8915.53,0.8776426427848135,1
ID_255381289155267278,255381,Kenya,289155,267278,Type_1,18248.0,19950.0,2022-10-27,2022-11-03,7,Repeat Loan,5474.4,0.3,5985.0,0.5215482200823023,1
ID_296893363726296540,296893,Ghana,363726,296540,Type_2,61729.64,78396.65,2022-04-26,2022-10-23,180,Repeat Loan,2755.15,0.0446325,3503.16,0.854042908989569,1
ID_257329127791245684,257329,Kenya,127791,245684,Type_14,10000.0,11075.0,2022-03-18,2022-04-17,30,New Loan,10000.0,1.0,11075.0,0.9186147927466426,1
ID_297938364699297182,297938,Ghana,364699,297182,Type_2,20521.22,26677.59,2022-10-19,2023-04-17,180,New Loan,3283.4,0.16,4268.41,0.3696183394017915,0
ID_309217368152267278,309217,Kenya,368152,267278,Type_7,5000.0,5740.0,2024-07-26,2024-08-02,7,New Loan,1000.0,0.2,1148.0,0.919073523873112,1
ID_295571364081245684,295571,Ghana,364081,245684,Type_2,146805.06,162953.62,2022-07-05,2022-09-03,60,Repeat Loan,3318.09,0.022602,3684.81,0.5784458759000446,1
ID_308497368826267278,308497,Kenya,368826,267278,Type_7,5000.0,5484.0,2024-08-12,2024-08-19,7,Repeat Loan,1000.0,0.2,1097.0,0.8907827513372338,1
ID_296114364297297182,296114,Ghana,364297,297182,Type_2,120994.83,160923.12,2022-08-24,2023-02-20,180,Repeat Loan,6606.32,0.0546,8784.22,0.8851936366242354,1
ID_298589365374297182,298589,Ghana,365374,297182,Type_2,41282.91,51603.64,2023-03-04,2023-08-01,150,Repeat Loan,27515.06,0.6665,34398.99,0.8174835003674855,1
ID_266046231899267278,266046,Kenya,231899,267278,Type_1,4559.0,5069.0,2022-08-04,2022-08-11,7,Repeat Loan,1367.7,0.3,1521.0,0.3972540364052671,0
ID_298532365371296540,298532,Ghana,365371,296540,Type_2,49819.05,62273.81,2023-02-28,2023-07-28,150,Repeat Loan,6361.49,0.127692,7951.12,0.8532231211109667,1
ID_258628253935267277,258628,Kenya,253935,267277,Type_2,120000.0,145049.0,2022-09-07,2023-06-04,270,Repeat Loan,1350.25,0.0112520833333333,1632.0,0.8205497770627127,1
ID_296126365381297182,296126,Ghana,365381,297182,Type_2,31653.03,40199.34,2023-03-14,2023-09-10,180,Repeat Loan,11395.09,0.36,14475.98,0.8647228738860265,1
ID_297916364656297182,297916,Ghana,364656,297182,Type_2,44310.69,57603.9,2022-10-14,2023-04-12,180,Repeat Loan,11808.8,0.2665,15353.66,0.8913082063264879,1
ID_296349364328245684,296349,Ghana,364328,245684,Type_2,36001.98,39962.2,2022-08-31,2023-02-27,180,Repeat Loan,4800.26,0.133333333333333,6384.35,0.7010383144898796,1
ID_295367363277296540,295367,Ghana,363277,296540,Type_2,143122.61,206096.56,2022-02-03,2022-11-30,300,Repeat Loan,38160.07,0.266625,59145.42,0.900576838274596,1
ID_247169295821267278,247169,Kenya,295821,267278,Type_5,67000.0,94294.0,2022-11-08,2022-11-22,14,Repeat Loan,1993.17,0.0297488059701492,2805.0,0.9197542904986707,1
ID_295571364081296540,295571,Ghana,364081,296540,Type_2,146805.06,162953.62,2022-07-05,2022-09-03,60,Repeat Loan,8015.56,0.0546,8896.39,0.6549289199901955,1
ID_310148369815267278,310148,Kenya,369815,267278,Type_7,4955.0,5402.0,2024-08-28,2024-09-04,7,New Loan,991.0,0.2,1080.0,0.8685177011435491,1
ID_297889364658297182,297889,Ghana,364658,297182,Type_2,22155.35,28801.95,2022-10-14,2023-04-12,180,Repeat Loan,4431.07,0.2,5760.39,0.7479483523523137,1
ID_296014364531297182,296014,Ghana,364531,297182,Type_2,35021.35,46578.39,2022-09-29,2023-03-28,180,Repeat Loan,5603.42,0.16,7447.87,0.9008963918596152,1
ID_296753363877296540,296753,Ghana,363877,296540,Type_2,150473.38,233233.73,2022-05-27,2023-03-23,300,Repeat Loan,8215.85,0.0546,12730.05,0.8810830281164327,1
ID_296416364982296540,296416,Ghana,364982,296540,Type_2,152189.11,252633.93,2022-11-30,2023-11-25,360,Repeat Loan,4885.02,0.0320983333333333,8108.3,0.8766438612413947,1
ID_311581372825267278,311581,Kenya,372825,267278,Type_7,6500.0,7079.0,2024-10-08,2024-10-15,7,Repeat Loan,1300.0,0.2,1416.0,0.8757658222091981,1
ID_251374260236267278,251374,Kenya,260236,267278,Type_1,8997.0,12756.0,2022-09-16,2022-09-23,7,Repeat Loan,2699.1,0.3,3827.0,0.9197546847641956,1
ID_252271273571267278,252271,Kenya,273571,267278,Type_1,2000.0,2487.0,2022-10-03,2022-10-10,7,Repeat Loan,18.51,0.009255,23.0,0.6317888695146358,1
ID_296166364301297182,296166,Ghana,364301,297182,Type_2,48397.93,61707.36,2022-08-24,2023-02-20,180,Repeat Loan,6606.32,0.1365,8784.22,0.8821235884573317,1
ID_240056257744251804,240056,Kenya,257744,251804,Type_4,140000.0,159197.0,2022-09-12,2023-02-12,153,Repeat Loan,1729.57,0.0123540714285714,2200.0,0.8140793975119109,1
ID_296254363834245684,296254,Ghana,363834,245684,Type_2,182572.6,231867.21,2022-05-17,2022-11-13,180,Repeat Loan,8307.05,0.0455,10543.57,0.8725074500843998,1
ID_296167364260296540,296167,Ghana,364260,296540,Type_2,73682.09,97997.18,2022-08-19,2023-02-15,180,Repeat Loan,6705.07,0.091,8915.53,0.9037833531675888,1
ID_296583363339296540,296583,Ghana,363339,296540,Type_2,175755.41,270663.33,2022-02-17,2023-02-17,365,Repeat Loan,46856.39,0.2666,72165.17,0.8845996453713698,1
ID_295129363091245684,295129,Ghana,363091,245684,Type_2,183885.42,250084.17,2021-12-16,2022-08-13,240,Repeat Loan,10040.14,0.0546,13662.69,0.9089101901048192,1
ID_267340273020267278,267340,Kenya,273020,267278,Type_1,4719.0,7154.0,2022-10-03,2022-10-10,7,Repeat Loan,1415.7,0.3,2146.0,0.9172896249717124,1
ID_295960363201245684,295960,Ghana,363201,245684,Type_2,109823.9,139476.36,2022-01-20,2022-07-19,180,Repeat Loan,9993.98,0.091,12684.66,0.8282765060207622,1
ID_296103364383297182,296103,Ghana,364383,297182,Type_2,48059.42,61035.47,2022-09-09,2023-03-08,180,Repeat Loan,9611.88,0.2,12207.09,0.8448853157079199,1
ID_249379116368251804,249379,Kenya,116368,251804,Type_5,19700.0,21452.0,2022-02-11,2022-02-25,14,Repeat Loan,3152.0,0.16,3432.0,0.8830177644408809,1
ID_253529238179267278,253529,Kenya,238179,267278,Type_1,22694.0,25393.0,2022-08-17,2022-08-24,7,Repeat Loan,6808.2,0.3,7618.0,0.8788703404722701,1
ID_309071374279267278,309071,Kenya,374279,267278,Type_7,6000.0,6275.0,2024-10-30,2024-11-06,7,Repeat Loan,1200.0,0.2,1255.0,0.6262196513404383,1
ID_296685364575297182,296685,Ghana,364575,297182,Type_8,51476.17,66146.88,2022-10-11,2023-04-09,180,Repeat Loan,10295.23,0.2,13235.1,0.8460563788116402,1
ID_198718302641267278,198718,Kenya,302641,267278,Type_4,100000.0,105161.0,2022-11-22,2023-02-22,92,Repeat Loan,13333.0,0.13333,15354.0,0.7376048066299559,1
ID_271527306164251804,271527,Kenya,306164,251804,Type_4,50000.0,65331.0,2022-12-19,2023-02-19,62,Repeat Loan,6666.0,0.13332,8710.0,0.91969248119578,1
ID_295141363833245684,295141,Ghana,363833,245684,Type_2,152674.68,194660.22,2022-05-16,2023-03-12,300,Repeat Loan,8336.04,0.0546,12916.28,0.893642862723187,1
ID_298552365368297182,298552,Ghana,365368,297182,Type_2,60289.38,78376.19,2023-02-23,2023-08-22,180,Repeat Loan,24115.75,0.4,31350.48,0.7873004600705338,1
ID_298523365360297182,298523,Ghana,365360,297182,Type_2,59370.02,77181.03,2023-02-20,2023-08-19,180,Repeat Loan,23748.01,0.4,30872.41,0.7873004600749438,1
ID_295887363955297182,295887,Ghana,363955,297182,Type_2,147775.46,212796.66,2022-06-13,2023-02-08,240,Repeat Loan,8068.54,0.0546,11615.15,0.8802543589342516,1
ID_296079363061245684,296079,Ghana,363061,245684,Type_2,278110.4,428290.02,2021-12-10,2022-12-10,365,Repeat Loan,10123.22,0.0364,15592.72,0.8422186290487065,1
ID_246934222260267278,246934,Kenya,222260,267278,Type_1,3548.0,4143.0,2022-07-22,2022-07-29,7,Repeat Loan,1064.4,0.3,1243.0,0.4167150326552709,0
ID_239777231518267278,239777,Kenya,231518,267278,Type_1,20716.0,23136.0,2022-08-03,2022-08-10,7,Repeat Loan,6214.8,0.3,6941.0,0.6459691933341231,1
ID_247513236193267278,247513,Kenya,236193,267278,Type_1,1158.0,1817.0,2022-08-13,2022-08-20,7,Repeat Loan,347.4,0.3,545.0,0.9197546857311484,1
ID_269445289274251804,269445,Kenya,289274,251804,Type_5,32500.0,55933.0,2022-10-27,2022-11-10,14,Repeat Loan,4333.0,0.133323076923076,7457.0,0.9197544164893716,1
ID_297598365220297182,297598,Ghana,365220,297182,Type_2,72000.11,78377.27,2023-01-17,2023-07-16,180,Repeat Loan,11520.02,0.16,14626.31,0.8714385830968646,1
ID_295617364631297182,295617,Ghana,364631,297182,Type_2,170192.09,208485.31,2022-10-12,2023-04-10,180,Repeat Loan,45384.56,0.266666666666666,57638.39,0.790604889870725,1
ID_263216216697267278,263216,Kenya,216697,267278,Type_1,8000.0,10519.0,2022-07-15,2022-07-22,7,Repeat Loan,2400.0,0.3,3156.0,0.9197445246034424,1
ID_252319138902251804,252319,Kenya,138902,251804,Type_5,8000.0,8972.0,2022-04-05,2022-04-19,14,Repeat Loan,1280.0,0.16,1436.0,0.90942061194366,1
ID_298114364938297182,298114,Ghana,364938,297182,Type_2,50665.75,65865.48,2022-11-22,2023-05-21,180,Repeat Loan,10133.15,0.2,13173.1,0.8760023072319717,1
ID_298055364892297182,298055,Ghana,364892,297182,Type_2,50557.02,57297.95,2022-11-16,2023-05-15,180,Repeat Loan,8089.12,0.16,10515.86,0.8576829116491175,1
ID_295810364077296542,295810,Ghana,364077,296542,Type_8,51458.24,66123.84,2022-07-06,2023-01-02,180,Repeat Loan,10291.65,0.2,13232.12,0.8460563788116416,1
ID_297972364734297182,297972,Ghana,364734,297182,Type_2,52182.61,67837.39,2022-11-02,2023-05-01,180,Repeat Loan,13915.36,0.266666666666666,18089.97,0.8746968248017001,1
ID_264506273912267278,264506,Kenya,273912,267278,Type_1,3007.0,3471.0,2022-10-04,2022-10-11,7,Repeat Loan,902.1,0.3,1041.0,0.8118936560792791,1
ID_295808364079297182,295808,Ghana,364079,297182,Type_8,73402.53,94322.25,2022-07-05,2023-01-01,180,Repeat Loan,14680.51,0.2,18864.45,0.8473338712208495,1
ID_253169117412251804,253169,Kenya,117412,251804,Type_5,22200.0,24850.0,2022-02-17,2022-03-03,14,Repeat Loan,4080.0,0.183783783783783,4567.0,0.914125695413026,1
ID_252988288513267278,252988,Kenya,288513,267278,Type_1,1510.0,1920.0,2022-10-26,2022-11-02,7,Repeat Loan,453.0,0.3,576.0,0.9118287252283972,1
ID_296900363749245684,296900,Ghana,363749,245684,Type_2,46411.93,61727.86,2022-05-04,2022-10-31,180,Repeat Loan,6491.95,0.139876666666666,8632.62,0.8946249332922515,1
ID_296349364858297182,296349,Ghana,364858,297182,Type_2,41917.9,53235.73,2022-11-10,2023-05-09,180,Repeat Loan,11175.31,0.2666,14193.4,0.8619323397617059,1
ID_296324364302245684,296324,Ghana,364302,245684,Type_2,108584.16,167219.6,2022-08-25,2023-08-25,365,Repeat Loan,6587.44,0.0606666666666666,10146.59,0.8598189537424247,1
ID_296842364940297182,296842,Ghana,364940,297182,Type_2,50562.46,54169.24,2022-11-23,2023-04-22,150,Repeat Loan,8089.99,0.16,9606.87,0.7994097701520156,1
ID_297630364650297182,297630,Ghana,364650,297182,Type_2,66466.04,86405.85,2022-10-14,2023-04-12,180,Repeat Loan,17724.28,0.266666666666666,23041.56,0.7829832408013994,1
ID_296255363841245684,296255,Ghana,363841,245684,Type_2,150586.73,198021.55,2022-05-19,2023-03-15,300,Repeat Loan,3711.81,0.024649,5375.95,0.9094108420502036,1
ID_295318364217297182,295318,Ghana,364217,297182,Type_2,66686.54,96028.61,2022-08-11,2023-04-08,240,Repeat Loan,7282.17,0.1092,10483.12,0.873891190763511,1
ID_295318364217245684,295318,Ghana,364217,245684,Type_2,66686.54,96028.61,2022-08-11,2023-04-08,240,Repeat Loan,7282.17,0.1092,10483.12,0.873891190763511,1
ID_297747364407297182,297747,Ghana,364407,297182,Type_2,72075.3,93697.89,2022-09-12,2023-03-11,180,Repeat Loan,19220.08,0.266666666666666,24986.11,0.7520034721139551,1
ID_298642365384297182,298642,Ghana,365384,297182,Type_2,62659.4,81457.22,2023-03-17,2023-09-13,180,Repeat Loan,10025.5,0.16,13033.16,0.867513715547774,1
ID_273580357489251804,273580,Kenya,357489,251804,Type_4,10000.0,15182.0,2023-08-01,2023-08-31,30,Repeat Loan,450.0,0.045,683.0,0.9172895863561028,1
ID_247643278415267278,247643,Kenya,278415,267278,Type_1,1710.0,2567.0,2022-10-10,2022-10-17,7,Repeat Loan,513.0,0.3,770.0,0.9197526632555084,1
ID_308981370988251804,308981,Kenya,370988,251804,Type_7,4767.0,5181.0,2024-09-13,2024-09-20,7,Repeat Loan,953.0,0.199916089783931,1036.0,0.8701711977388433,1
ID_297926364698297182,297926,Ghana,364698,297182,Type_2,51303.06,66693.97,2022-10-19,2023-04-17,180,Repeat Loan,13677.4,0.2666,17781.64,0.8744872221982837,1
ID_295809364080296542,295809,Ghana,364080,296542,Type_8,58722.02,75457.8,2022-07-05,2023-01-01,180,Repeat Loan,11744.4,0.2,15091.56,0.842918844733691,1
ID_308506372899251804,308506,Kenya,372899,251804,Type_7,10188.0,11032.0,2024-10-10,2024-10-17,7,Repeat Loan,2037.0,0.199941107184923,2206.0,0.8583183257918295,1
ID_309504368084251804,309504,Kenya,368084,251804,Type_7,4300.0,4645.0,2024-07-24,2024-07-31,7,Repeat Loan,860.0,0.2,929.0,0.7890351826367272,1
ID_260803284962267278,260803,Kenya,284962,267278,Type_1,978.0,1258.0,2022-10-19,2022-10-26,7,Repeat Loan,293.4,0.3,377.0,0.4760828435364882,0
ID_271671282018267278,271671,Kenya,282018,267278,Type_1,12099.0,17162.0,2022-10-15,2022-10-22,7,Repeat Loan,3629.7,0.3,5149.0,0.9197546472294604,1
ID_296126365381296540,296126,Ghana,365381,296540,Type_2,31653.03,40199.34,2023-03-14,2023-09-10,180,Repeat Loan,11395.09,0.36,14475.98,0.8647228738860265,1
ID_296029363043245684,296029,Ghana,363043,245684,Type_2,110494.19,128725.73,2021-12-08,2022-03-08,90,Repeat Loan,10054.97,0.091,11712.38,0.6063443877454091,1
ID_268265264055267278,268265,Kenya,264055,267278,Type_1,15900.0,22487.0,2022-09-21,2022-09-28,7,Repeat Loan,4770.0,0.3,6746.0,0.9197545781113368,1
ID_245011245520267278,245011,Kenya,245520,267278,Type_1,2250.0,3483.0,2022-08-27,2022-09-03,7,Repeat Loan,675.0,0.3,1045.0,0.9197546544234628,1
ID_270452270423267278,270452,Kenya,270423,267278,Type_1,17563.0,20212.0,2022-09-29,2022-10-06,7,Repeat Loan,356.21,0.0202818425098217,410.0,0.7243334982564578,1
ID_296131363044245684,296131,Ghana,363044,245684,Type_2,185406.93,264204.88,2021-12-10,2022-10-06,300,Repeat Loan,10123.22,0.0546,14424.66,0.9081522574321892,1
ID_296890364357245684,296890,Ghana,364357,245684,Type_2,72604.66,95475.13,2022-09-05,2023-04-03,210,Repeat Loan,6607.02,0.091,8688.36,0.8939674946768611,1
ID_244219190835251804,244219,Kenya,190835,251804,Type_4,100000.0,110059.0,2022-06-14,2022-09-12,90,Repeat Loan,2574.37,0.0257436999999999,2962.0,0.6432865741309846,1
ID_295810364077297182,295810,Ghana,364077,297182,Type_8,51458.24,66123.84,2022-07-06,2023-01-02,180,Repeat Loan,10291.65,0.2,13232.12,0.8460563788116416,1
ID_296853363649245684,296853,Ghana,363649,245684,Type_2,76984.09,93920.6,2022-04-19,2022-10-16,180,Repeat Loan,8406.66,0.1092,11178.09,0.6610660780565665,1
ID_268379260461267278,268379,Kenya,260461,267278,Type_1,6277.0,8943.0,2022-09-16,2022-09-23,7,Repeat Loan,280.91,0.0447522701927672,400.0,0.9197547288998186,1
ID_258422233819267278,258422,Kenya,233819,267278,Type_1,2609.0,3968.0,2022-08-08,2022-08-15,7,Repeat Loan,782.7,0.3,1190.0,0.9197528761553988,1
ID_266356299161267278,266356,Kenya,299161,267278,Type_1,1487.0,2155.0,2022-11-15,2022-11-22,7,Repeat Loan,446.1,0.3,647.0,0.9197520870266812,1
ID_270280258789267278,270280,Kenya,258789,267278,Type_1,1570.0,2240.0,2022-09-14,2022-09-21,7,Repeat Loan,471.0,0.3,672.0,0.9094726335983576,1
ID_296850363676245684,296850,Ghana,363676,245684,Type_2,76984.09,93920.6,2022-04-19,2022-10-16,180,Repeat Loan,8406.66,0.1092,11178.09,0.6610660780565665,1
ID_295560363205245684,295560,Ghana,363205,245684,Type_2,237951.79,342650.58,2022-01-20,2022-09-17,240,Repeat Loan,9993.98,0.042,14386.93,0.9048566025418792,1
ID_269559248771267278,269559,Kenya,248771,267278,Type_1,2916.0,4446.0,2022-08-31,2022-09-07,7,Repeat Loan,874.8,0.3,1334.0,0.9172896635923008,1
ID_267609218053267278,267609,Kenya,218053,267278,Type_1,1515.0,1975.0,2022-07-16,2022-07-23,7,Repeat Loan,454.5,0.3,593.0,0.9147204299615038,1
ID_295914364044297182,295914,Ghana,364044,297182,Type_2,103765.98,131782.79,2022-06-29,2022-12-26,180,Repeat Loan,8093.75,0.078,10272.83,0.8248230557453191,1
ID_295809364080297182,295809,Ghana,364080,297182,Type_8,58722.02,75457.8,2022-07-05,2023-01-01,180,Repeat Loan,11744.4,0.2,15091.56,0.842918844733691,1
ID_298647365386297182,298647,Ghana,365386,297182,Type_2,63696.16,82805.0,2023-03-21,2023-09-17,180,Repeat Loan,12739.23,0.2,16561.0,0.8634567265490679,1
ID_261477245697267278,261477,Kenya,245697,267278,Type_1,899.0,1313.0,2022-08-27,2022-09-03,7,Repeat Loan,269.7,0.3,394.0,0.9197527946660324,1
ID_245298114543251804,245298,Kenya,114543,251804,Type_5,74000.0,81596.0,2022-02-02,2022-02-16,14,Repeat Loan,14800.0,0.2,16319.0,0.905514136106632,1
ID_266424233873267278,266424,Kenya,233873,267278,Type_1,12565.0,17789.0,2022-08-08,2022-08-15,7,Repeat Loan,3769.5,0.3,5337.0,0.9197546721254372,1
ID_295995365355297182,295995,Ghana,365355,297182,Type_2,50966.01,67937.69,2023-02-14,2023-09-12,210,Repeat Loan,13587.54,0.2666,18113.32,0.8595572232913012,1
ID_267856195412267278,267856,Kenya,195412,267278,Type_4,56000.0,62720.0,2022-06-20,2022-07-20,30,Repeat Loan,7466.0,0.133321428571428,8362.0,0.5457135895288735,1
ID_295855364013297182,295855,Ghana,364013,297182,Type_2,44668.27,49879.56,2022-06-23,2022-12-20,180,Repeat Loan,7146.92,0.16,9082.55,0.750712373220203,1
ID_296584363341296540,296584,Ghana,363341,296540,Type_2,175755.41,270663.33,2022-02-17,2023-02-17,365,New Loan,46856.39,0.2666,72165.17,0.59742666645341,1
ID_296507363230245684,296507,Ghana,363230,245684,Type_2,109087.93,167995.41,2022-01-25,2023-01-25,365,Repeat Loan,9927.0,0.091,15290.49,0.8538589046141116,1
ID_272190306082267278,272190,Kenya,306082,267278,Type_6,3275.0,4451.0,2022-12-10,2022-12-17,7,Repeat Loan,524.0,0.16,712.0,0.8853066162653472,1
ID_298082364859297182,298082,Ghana,364859,297182,Type_2,25275.04,32857.56,2022-11-11,2023-05-10,180,New Loan,6740.01,0.266666666666666,8762.01,0.3356137433062481,0
ID_250663225752267278,250663,Kenya,225752,267278,Type_1,8298.0,9050.0,2022-07-27,2022-08-03,7,Repeat Loan,2489.4,0.3,2715.0,0.3811725666821192,0
ID_296885363725296540,296885,Ghana,363725,296540,Type_2,77271.51,105089.26,2022-04-27,2022-12-23,240,Repeat Loan,3645.67,0.04718,4960.83,0.8853036747696158,1
ID_297585364340245684,297585,Ghana,364340,245684,Type_2,72060.76,98002.63,2022-09-02,2023-03-01,180,Repeat Loan,6557.53,0.091,8923.52,0.9038188282337506,1
ID_268233295599267278,268233,Kenya,295599,267278,Type_1,1500.0,1786.0,2022-11-08,2022-11-15,7,Repeat Loan,450.0,0.3,536.0,0.916416545877894,1
ID_297767364424296540,297767,Ghana,364424,296540,Type_2,71702.99,89628.74,2022-09-15,2023-03-14,180,Repeat Loan,4053.61,0.0565333333333333,5270.17,0.8816770553037844,1
ID_296250363840245684,296250,Ghana,363840,245684,Type_2,195762.75,248618.69,2022-05-19,2023-05-19,365,Repeat Loan,8222.04,0.042,12664.34,0.6773752422254135,1
ID_295306363453245684,295306,Ghana,363453,245684,Type_2,80624.56,93524.49,2022-03-11,2022-11-06,240,Repeat Loan,2212.82,0.0274459999999999,3192.73,0.7174930723491418,1
ID_248589106386245684,248589,Kenya,106386,245684,Type_14,10000.0,11049.0,2021-12-03,2022-01-02,30,New Loan,10000.0,1.0,11049.0,0.9184395339381696,1
ID_296890364357297182,296890,Ghana,364357,297182,Type_2,72604.66,95475.13,2022-09-05,2023-04-03,210,Repeat Loan,6607.02,0.091,8688.36,0.8939674946768611,1
ID_246743301869267278,246743,Kenya,301869,267278,Type_1,1500.0,1884.0,2022-11-21,2022-11-28,7,Repeat Loan,450.0,0.3,565.0,0.9196910833789712,1
ID_296854363686245684,296854,Ghana,363686,245684,Type_2,69495.53,84784.55,2022-04-21,2022-10-18,180,Repeat Loan,4347.79,0.0625622222222222,5775.85,0.8066954125517898,1
ID_272466284746267277,272466,Kenya,284746,267277,Type_2,50000.0,65739.0,2022-10-19,2023-04-17,180,Repeat Loan,13333.0,0.26666,17530.0,0.8848781006642238,1
ID_269482244353267278,269482,Kenya,244353,267278,Type_1,3573.0,4205.0,2022-08-25,2022-09-01,7,Repeat Loan,1071.9,0.3,1262.0,0.7695490004003099,1
ID_298528365365297182,298528,Ghana,365365,297182,Type_2,20096.46,22106.11,2023-02-23,2023-08-22,180,Repeat Loan,5355.71,0.2665,6963.42,0.2127452119000225,0
ID_296850363676296540,296850,Ghana,363676,296540,Type_2,76984.09,93920.6,2022-04-19,2022-10-16,180,Repeat Loan,8019.9,0.104176,10670.0,0.7263809369517489,1
ID_296166364301245684,296166,Ghana,364301,245684,Type_2,48397.93,61707.36,2022-08-24,2023-02-20,180,Repeat Loan,6606.32,0.1365,8784.22,0.8821235884573317,1
ID_260451248293267278,260451,Kenya,248293,267278,Type_1,29824.0,41885.0,2022-08-31,2022-09-07,7,Repeat Loan,8947.2,0.3,12566.0,0.9197393888243854,1
ID_296008364733296540,296008,Ghana,364733,296540,Type_2,34861.62,40265.17,2022-10-26,2023-04-24,180,Repeat Loan,3730.19,0.107,4959.07,0.8178549097424451,1
ID_26719307433267278,26719,Kenya,307433,267278,Type_11,27690.0,29755.0,2023-07-06,2023-08-05,30,Repeat Loan,1100.0,0.0397255326832791,1182.0,0.4339802834958938,0
ID_247567248149267278,247567,Kenya,248149,267278,Type_1,7551.0,8436.0,2022-08-30,2022-09-06,7,Repeat Loan,2265.3,0.3,2531.0,0.8130525847075114,1
ID_295864365354296540,295864,Ghana,365354,296540,Type_2,102136.41,129713.23,2023-02-13,2023-08-12,180,Repeat Loan,4035.0,0.039506,5127.25,0.85398955769644,1
ID_296410363445245684,296410,Ghana,363445,245684,Type_2,97039.1,121298.87,2022-03-09,2022-09-05,180,Repeat Loan,6900.61,0.0711116666666666,8976.12,0.8579660126343913,1
ID_295481363956245684,295481,Ghana,363956,245684,Type_2,221663.19,341361.31,2022-06-13,2023-06-13,365,Repeat Loan,5655.96,0.025516,8703.97,0.8516811696290003,1
ID_296665363439296542,296665,Ghana,363439,296542,Type_8,32486.09,42231.91,2022-03-08,2022-09-04,180,New Loan,12994.44,0.4,16892.77,0.3676008336061399,0
ID_259951238134267278,259951,Kenya,238134,267278,Type_1,13543.0,16617.0,2022-08-17,2022-08-24,7,Repeat Loan,4062.9,0.3,4985.0,0.6232971619967873,1
ID_295601365285297182,295601,Ghana,365285,297182,Type_2,60948.65,81061.7,2023-01-31,2023-07-30,180,Repeat Loan,28442.7,0.466666666666666,37828.79,0.8195441584222287,1
ID_296611363364296540,296611,Ghana,363364,296540,Type_2,68948.6,91701.64,2022-02-21,2022-08-20,180,Repeat Loan,18374.8,0.2665,24442.28,0.7469463306819942,1
ID_297654364411297182,297654,Ghana,364411,297182,Type_2,71916.91,93491.99,2022-09-13,2023-03-12,180,Repeat Loan,19177.84,0.266666666666666,24931.2,0.7458094672065853,1
ID_263153217240267278,263153,Kenya,217240,267278,Type_1,43257.0,57155.0,2022-07-16,2022-07-23,7,Repeat Loan,12977.1,0.3,17147.0,0.9197426143629748,1
ID_259951238139267278,259951,Kenya,238139,267278,Type_1,1080.0,1388.0,2022-08-17,2022-08-24,7,Repeat Loan,324.0,0.3,416.0,0.8067445105549773,1
ID_46388124921245684,46388,Kenya,124921,245684,Type_14,10000.0,11111.0,2022-03-11,2022-04-10,30,New Loan,10000.0,1.0,11111.0,0.918819331671072,1
ID_296803364479297182,296803,Ghana,364479,297182,Type_2,105002.96,116494.95,2022-09-27,2023-03-26,180,Repeat Loan,6370.18,0.0606666666666666,8470.24,0.8521200926380891,1
ID_295481363956296540,295481,Ghana,363956,296540,Type_2,221663.19,341361.31,2022-06-13,2023-06-13,365,Repeat Loan,8068.54,0.0364,12427.92,0.7396199272677175,1
ID_266792239626267278,266792,Kenya,239626,267278,Type_1,4718.0,7153.0,2022-08-19,2022-08-26,7,Repeat Loan,1415.4,0.3,2146.0,0.9172896249717392,1
ID_230160105348245684,230160,Kenya,105348,245684,Type_14,10000.0,11111.0,2021-11-24,2021-12-24,30,New Loan,10000.0,1.0,11111.0,0.918819331671072,1
ID_265635258380267278,265635,Kenya,258380,267278,Type_1,2249.0,2683.0,2022-09-13,2022-09-20,7,Repeat Loan,177.88,0.079092930191196,217.0,0.6589341974159827,1
ID_264812251747267277,264812,Kenya,251747,267277,Type_2,75000.0,88775.0,2022-09-05,2023-01-05,122,Repeat Loan,25486.87,0.339824933333333,30924.0,0.5271132729494153,1
ID_308892367706251804,308892,Kenya,367706,251804,Type_7,3885.0,4164.0,2024-07-15,2024-07-22,7,Repeat Loan,777.0,0.2,833.0,0.6955735304709649,1
ID_309849372813267278,309849,Kenya,372813,267278,Type_7,5000.0,5435.0,2024-10-08,2024-10-15,7,Repeat Loan,1000.0,0.2,1087.0,0.870558526189924,1
ID_296085363254296540,296085,Ghana,363254,296540,Type_2,180488.56,229220.47,2022-01-28,2022-07-27,180,Repeat Loan,9854.68,0.0546,12507.86,0.8454555064180702,1
ID_296320363946297182,296320,Ghana,363946,297182,Type_2,177347.63,233212.13,2022-06-14,2023-06-14,365,Repeat Loan,35469.53,0.2,54623.07,0.8746177651936335,1
ID_296850364296297182,296850,Ghana,364296,297182,Type_2,91088.8,121148.11,2022-08-23,2023-02-19,180,Repeat Loan,6631.26,0.0728,8817.4,0.8776426427864833,1
ID_296753363560296540,296753,Ghana,363560,296540,Type_2,77314.44,85819.03,2022-03-29,2022-09-28,183,Repeat Loan,6888.87,0.089102,9169.49,0.7802305970034689,1
ID_298033364823297182,298033,Ghana,364823,297182,Type_2,51872.43,67434.16,2022-11-07,2023-05-06,180,Repeat Loan,13832.65,0.266666666666666,17982.44,0.8744872221957039,1
ID_297598365220296540,297598,Ghana,365220,296540,Type_2,72000.11,78377.27,2023-01-17,2023-07-16,180,Repeat Loan,11520.02,0.16,14626.31,0.8714385830968646,1
ID_240156372121251804,240156,Kenya,372121,251804,Type_7,5000.0,5449.0,2024-09-29,2024-10-06,7,Repeat Loan,1000.0,0.2,1090.0,0.8774288209953355,1
ID_296545363252245684,296545,Ghana,363252,245684,Type_2,108852.67,157836.36,2022-01-27,2022-11-23,300,Repeat Loan,9905.59,0.091,14368.55,0.8723243172124516,1
ID_256869270148267278,256869,Kenya,270148,267278,Type_5,24000.0,37490.0,2022-09-29,2022-10-13,14,Repeat Loan,3840.0,0.16,5998.0,0.919754560502492,1
ID_296746364659297182,296746,Ghana,364659,297182,Type_2,55388.37,73666.53,2022-10-14,2023-04-12,180,Repeat Loan,14766.54,0.2666,19640.72,0.8784083014874485,1
ID_271101255942267278,271101,Kenya,255942,267278,Type_1,39100.0,44520.0,2022-09-10,2022-09-17,7,Repeat Loan,11730.0,0.3,13356.0,0.3543823892792559,0
ID_295996365328297182,295996,Ghana,365328,297182,Type_2,103103.74,129652.96,2023-02-10,2023-09-08,210,Repeat Loan,41241.5,0.4,54974.92,0.7918204070871503,1
ID_247065307286267278,247065,Kenya,307286,267278,Type_4,100000.0,113539.0,2023-06-07,2023-09-05,90,Repeat Loan,20000.0,0.2,22708.0,0.6432159601811416,1
ID_296546363243245684,296546,Ghana,363243,245684,Type_2,72872.59,99106.72,2022-01-26,2022-09-23,240,Repeat Loan,9947.11,0.1365,13536.08,0.8463657465919721,1
ID_296687363466296542,296687,Ghana,363466,296542,Type_8,32223.62,41890.71,2022-03-14,2022-09-10,180,Repeat Loan,12889.45,0.4,16756.28,0.8385083371473923,1
ID_298553365366297182,298553,Ghana,365366,297182,Type_2,90434.07,140172.81,2023-02-23,2024-01-19,330,New Loan,36173.63,0.4,56069.12,0.4666338232472801,0
ID_296801363595296540,296801,Ghana,363595,296540,Type_2,76970.24,104679.53,2022-04-06,2022-12-02,240,Repeat Loan,8405.15,0.1092,11437.78,0.837022438222797,1
ID_296893363726245684,296893,Ghana,363726,245684,Type_2,61729.64,78396.65,2022-04-26,2022-10-23,180,Repeat Loan,2334.31,0.0378149999999999,2963.02,0.854322426145143,1
ID_297860364561296540,297860,Ghana,364561,296540,Type_2,68545.44,89109.08,2022-10-07,2023-04-05,180,Repeat Loan,10967.27,0.16,14257.45,0.859194247598239,1
ID_295571365364297182,295571,Ghana,365364,297182,Type_2,245151.74,312568.47,2023-02-22,2023-07-22,150,Repeat Loan,98060.7,0.4,125027.39,0.906663849296434,1
ID_298588365373297182,298588,Ghana,365373,297182,Type_2,30899.28,38624.11,2023-03-07,2023-08-04,150,Repeat Loan,20599.52,0.666666666666666,25749.4,0.7248189641871472,1
ID_271692280680267278,271692,Kenya,280680,267278,Type_1,1500.0,2373.0,2022-10-12,2022-10-19,7,Repeat Loan,450.0,0.3,712.0,0.919754372659082,1
ID_258487131096245684,258487,Kenya,131096,245684,Type_14,10000.0,11111.0,2022-03-24,2022-04-23,30,New Loan,10000.0,1.0,11111.0,0.918819331671072,1
ID_297981364735297182,297981,Ghana,364735,297182,Type_2,26188.11,34044.55,2022-10-27,2023-04-25,180,New Loan,5237.62,0.2,6808.91,0.42624406635576,0
ID_295050364821296540,295050,Ghana,364821,296540,Type_2,160863.99,233252.79,2022-11-05,2023-09-01,300,Repeat Loan,1951.82,0.0121333333333333,2832.99,0.9066061561030544,1
ID_263137287059267278,263137,Kenya,287059,267278,Type_1,5279.0,5950.0,2022-10-24,2022-10-31,7,Repeat Loan,1583.7,0.3,1785.0,0.255166950311073,0
ID_298592365375297182,298592,Ghana,365375,297182,Type_2,61924.37,77405.46,2023-03-04,2023-08-01,150,Repeat Loan,49539.5,0.8,61924.37,0.7507454738514011,1
ID_263560254245267278,263560,Kenya,254245,267278,Type_1,1324.0,2038.0,2022-09-07,2022-09-14,7,Repeat Loan,397.2,0.3,611.0,0.9197542724746454,1
ID_295914364044296540,295914,Ghana,364044,296540,Type_2,103765.98,131782.79,2022-06-29,2022-12-26,180,Repeat Loan,4046.28,0.0389942857142857,5143.83,0.8580492061671541,1
ID_270223257940267278,270223,Kenya,257940,267278,Type_1,23450.0,25688.0,2022-09-12,2022-09-19,7,Repeat Loan,4605.25,0.19638592750533,5045.0,0.8291429373143442,1
ID_250376280661267278,250376,Kenya,280661,267278,Type_1,3366.0,5128.0,2022-10-12,2022-10-19,7,Repeat Loan,1009.8,0.3,1538.0,0.9197542223812488,1
ID_296546363243296540,296546,Ghana,363243,296540,Type_2,72872.59,99106.72,2022-01-26,2022-09-23,240,Repeat Loan,9947.11,0.1365,13536.08,0.8463657465919721,1
ID_263386279827267278,263386,Kenya,279827,267278,Type_1,27000.0,37497.0,2022-10-11,2022-10-18,7,Repeat Loan,4477.19,0.165821851851851,6218.0,0.91728302241579,1
ID_268462287744267278,268462,Kenya,287744,267278,Type_1,14723.0,21804.0,2022-10-25,2022-11-01,7,Repeat Loan,4416.9,0.3,6541.0,0.9197546543940978,1
ID_295481363956297182,295481,Ghana,363956,297182,Type_2,221663.19,341361.31,2022-06-13,2023-06-13,365,Repeat Loan,8068.54,0.0364,12427.92,0.7396199272677175,1
ID_288750360183267277,288750,Kenya,360183,267277,Type_9,23100.0,36104.0,2023-10-13,2023-10-20,7,Repeat Loan,8662.5,0.375,13539.0,0.8895616860619221,1
ID_269598298747267278,269598,Kenya,298747,267278,Type_1,3257.0,4272.0,2022-11-14,2022-11-21,7,Repeat Loan,6.5,0.0019957015658581,9.0,0.8917322259931401,1
ID_267438290976267278,267438,Kenya,290976,267278,Type_5,12825.0,23030.0,2022-11-01,2022-11-15,14,Repeat Loan,4275.0,0.333333333333333,7677.0,0.9197547483456888,1
ID_257955281551267278,257955,Kenya,281551,267278,Type_1,1500.0,1743.0,2022-10-14,2022-10-21,7,Repeat Loan,450.0,0.3,523.0,0.6605070099201749,1
ID_296392363405296542,296392,Ghana,363405,296542,Type_8,33210.22,43173.29,2022-03-03,2022-08-30,180,Repeat Loan,8850.52,0.2665,11507.34,0.815741541293462,1
ID_296778364359297182,296778,Ghana,364359,297182,Type_2,36300.95,46102.21,2022-09-06,2023-03-05,180,Repeat Loan,7260.19,0.2,9220.44,0.8648406666513767,1
ID_309500368195251804,309500,Kenya,368195,251804,Type_7,4200.0,4769.0,2024-07-27,2024-08-03,7,Repeat Loan,840.0,0.2,954.0,0.8580607522563399,1
ID_296626364091297182,296626,Ghana,364091,297182,Type_2,176795.79,208619.03,2022-07-07,2023-07-07,365,Repeat Loan,8044.21,0.0455,12390.44,0.4811684830186216,0
ID_295994364179296542,295994,Ghana,364179,296542,Type_8,112145.58,144107.06,2022-07-28,2023-01-24,180,Repeat Loan,17943.29,0.16,23059.93,0.8150122810612518,1
ID_267236360527251804,267236,Kenya,360527,251804,Type_4,1100000.0,1240486.0,2023-11-09,2024-03-08,120,Repeat Loan,10000.0,0.009090909090909,11277.0,0.694798678181257,1
ID_242514252697267278,242514,Kenya,252697,267278,Type_1,5995.0,8547.0,2022-09-06,2022-09-13,7,Repeat Loan,1798.5,0.3,2564.0,0.9197547414574354,1
ID_269166307071267277,269166,Kenya,307071,267277,Type_2,95000.0,103609.0,2023-04-20,2023-09-19,152,Repeat Loan,20389.8,0.21462947368421,23461.0,0.9047410423081717,1
ID_296541363250245684,296541,Ghana,363250,245684,Type_2,54426.33,69121.44,2022-01-27,2022-07-26,180,Repeat Loan,9905.59,0.182,12572.48,0.8366913513443475,1
ID_295367364868296540,295367,Ghana,364868,296540,Type_2,84250.14,114580.19,2022-11-11,2023-09-07,300,Repeat Loan,7018.71,0.083308,10177.42,0.8815094561603967,1
ID_295767363090245684,295767,Ghana,363090,245684,Type_2,276750.96,383300.08,2021-12-17,2022-07-15,210,Repeat Loan,10073.74,0.0364,13948.25,0.9064091532182296,1
ID_310153373510267278,310153,Kenya,373510,267278,Type_7,6000.0,6387.0,2024-10-18,2024-10-25,7,Repeat Loan,1200.0,0.2,1277.0,0.7706888448573483,1
ID_295141364688296540,295141,Ghana,364688,296540,Type_2,180754.84,253960.55,2022-10-20,2023-04-18,180,Repeat Loan,1124.8,0.0062227777777777,1626.79,0.9009890678952162,1
ID_296126364423297182,296126,Ghana,364423,297182,Type_2,29876.25,39735.41,2022-09-15,2023-03-14,180,Repeat Loan,5975.25,0.2,7947.08,0.8945830584272477,1
ID_295594364196245684,295594,Ghana,364196,245684,Type_2,204109.06,280717.99,2022-08-09,2023-05-01,265,Repeat Loan,7429.57,0.0364,10776.96,0.9093317502638348,1
ID_309489367998251804,309489,Kenya,367998,251804,Type_7,5000.0,5836.0,2024-07-23,2024-07-30,7,Repeat Loan,1000.0,0.2,1167.0,0.9113808023104404,1
ID_296850364296245684,296850,Ghana,364296,245684,Type_2,91088.8,121148.11,2022-08-23,2023-02-19,180,Repeat Loan,6631.26,0.0728,8817.4,0.8776426427864833,1
ID_295730364819296540,295730,Ghana,364819,296540,Type_2,22155.5,29466.82,2022-11-04,2023-05-03,180,Repeat Loan,2825.71,0.12754,3757.57,0.7416947549851901,1
ID_296743363509296540,296743,Ghana,363509,296540,Type_2,91560.74,94002.36,2022-03-23,2023-03-23,365,Repeat Loan,3790.0,0.0413933333333333,5829.37,0.4909172124570035,0
ID_246114234422267278,246114,Kenya,234422,267278,Type_1,6499.0,9253.0,2022-08-10,2022-08-17,7,Repeat Loan,1949.7,0.3,2776.0,0.919754622419984,1
ID_296357363266296540,296357,Ghana,363266,296540,Type_2,36415.02,49524.42,2022-01-31,2022-07-30,180,Repeat Loan,9704.6,0.2665,13200.44,0.8940626572176319,1
ID_238231300515251804,238231,Kenya,300515,251804,Type_4,78000.0,85868.0,2022-11-17,2023-02-17,92,Repeat Loan,10400.0,0.133333333333333,11969.0,0.8204963047836212,1
ID_296803364479245684,296803,Ghana,364479,245684,Type_2,105002.96,116494.95,2022-09-27,2023-03-26,180,Repeat Loan,3042.75,0.0289777777777777,4048.45,0.7852759330215494,1
ID_297767364424297182,297767,Ghana,364424,297182,Type_2,71702.99,89628.74,2022-09-15,2023-03-14,180,Repeat Loan,6524.97,0.091,8484.85,0.8661135444166671,1
ID_295995364178297182,295995,Ghana,364178,297182,Type_8,56072.79,72053.53,2022-07-28,2023-01-24,180,Repeat Loan,8971.65,0.16,11522.96,0.8286435404985542,1
ID_248853372989251804,248853,Kenya,372989,251804,Type_7,34506.0,36373.0,2024-10-11,2024-10-18,7,Repeat Loan,6901.0,0.199994203906566,7274.0,0.6809146755854526,1
ID_271685367450267278,271685,Kenya,367450,267278,Type_7,5000.0,6273.0,2024-07-06,2024-07-13,7,Repeat Loan,1000.0,0.2,1255.0,0.9197399376859484,1
ID_263901200560267278,263901,Kenya,200560,267278,Type_6,2320.0,2852.0,2022-06-26,2022-07-03,7,Repeat Loan,371.0,0.159913793103448,456.0,0.7504154541322658,1
ID_295571364081297182,295571,Ghana,364081,297182,Type_2,146805.06,162953.62,2022-07-05,2022-09-03,60,Repeat Loan,8015.56,0.0546,8896.39,0.6549289199901955,1
ID_251752293343267278,251752,Kenya,293343,267278,Type_6,1300.0,1790.0,2022-11-03,2022-11-10,7,Repeat Loan,346.0,0.266153846153846,476.0,0.8784357162770814,1
ID_269641243846267278,269641,Kenya,243846,267278,Type_1,7669.0,10802.0,2022-08-25,2022-09-01,7,Repeat Loan,2300.7,0.3,3241.0,0.9197546215068778,1
ID_295808365358297182,295808,Ghana,365358,297182,Type_2,69016.33,91998.76,2023-02-17,2023-09-15,210,Repeat Loan,27606.53,0.4,36795.56,0.8144360712363504,1
ID_296794363618296540,296794,Ghana,363618,296540,Type_2,61457.09,78050.51,2022-04-08,2022-10-05,180,Repeat Loan,1683.31,0.02739,2135.63,0.8369308758941988,1
ID_245544285864267278,245544,Kenya,285864,267278,Type_1,1500.0,2010.0,2022-10-21,2022-10-28,7,Repeat Loan,450.0,0.3,603.0,0.9197542968778828,1
ID_296524363245296540,296524,Ghana,363245,296540,Type_2,54654.44,74330.04,2022-01-26,2022-07-25,180,Repeat Loan,9947.11,0.182,13536.08,0.8875156423497236,1
ID_296140363303296540,296140,Ghana,363303,296540,Type_2,53398.74,73957.25,2022-02-09,2022-09-07,210,Repeat Loan,9718.57,0.182,13456.48,0.8761698730846985,1
ID_295476364799297182,295476,Ghana,364799,297182,Type_2,52182.61,70968.35,2022-11-02,2023-06-30,240,Repeat Loan,8349.22,0.16,11358.41,0.8271578985727779,1
ID_261535292900267278,261535,Kenya,292900,267278,Type_1,37290.0,49668.0,2022-11-02,2022-11-09,7,Repeat Loan,11187.0,0.3,14900.0,0.9197527296785072,1
ID_295440363377296540,295440,Ghana,363377,296540,Type_2,168918.24,244931.45,2022-02-25,2022-08-24,180,Repeat Loan,50675.47,0.3,73479.43,0.8948663338378277,1
ID_296668364556297182,296668,Ghana,364556,297182,Type_2,86404.43,117510.02,2022-10-04,2023-06-01,240,Repeat Loan,13824.71,0.16,18801.6,0.7943031670859976,1
ID_248655303128267278,248655,Kenya,303128,267278,Type_1,3392.0,4129.0,2022-11-23,2022-11-30,7,Repeat Loan,1017.6,0.3,1239.0,0.3293805978218674,0
ID_296322363842296540,296322,Ghana,363842,296540,Type_2,90352.04,122427.01,2022-05-19,2023-03-15,300,Repeat Loan,12915.67,0.142948333333333,18732.99,0.7996329619250366,1
ID_296748363561296540,296748,Ghana,363561,296540,Type_2,77314.44,96364.72,2022-03-29,2022-09-25,180,Repeat Loan,6149.59,0.07954,7808.76,0.9031748979849838,1
